,rank,disr,diss,dior,dios,diar,tots,rank,disr,diss,dior,dios,diar,tots,label
0,375.2,0.0,0.0,2.0,1.6,0.0,1.6,95.9828109611299,0.0,0.0,1.0,0.5477225575051661,0.0,0.5477225575051661,0.0
1,358.4,0.0,0.0,1.0,0.6,0.0,0.6,83.66779547711293,0.0,0.0,1.0,0.5477225575051662,0.0,0.5477225575051662,0.0
2,347.4,0.0,0.0,1.0,0.6,0.0,0.6,81.92252437516802,0.0,0.0,1.0,0.5477225575051662,0.0,0.5477225575051662,0.0
3,340.4,0.0,0.0,0.6,0.4,0.0,0.4,76.67007238812286,0.0,0.0,0.5477225575051662,0.5477225575051662,0.0,0.5477225575051662,0.0
4,338.4,0.0,0.0,0.0,0.0,0.0,0.0,75.46058573851651,0.0,0.0,0.0,0.0,0.0,0.0,0.0
5,338.8,0.0,0.0,0.6,0.2,0.0,0.2,73.47584637144372,0.0,0.0,0.5477225575051662,0.447213595499958,0.0,0.447213595499958,0.0
6,336.4,0.0,0.0,0.4,0.2,0.0,0.2,73.45951265833445,0.0,0.0,0.5477225575051662,0.447213595499958,0.0,0.447213595499958,0.0
7,334.4,0.0,0.0,0.6,0.6,0.0,0.6,71.59120057660718,0.0,0.0,0.5477225575051662,0.5477225575051662,0.0,0.5477225575051662,0.0
8,333.4,0.0,0.0,0.0,0.0,0.0,0.0,70.66682389919615,0.0,0.0,0.0,0.0,0.0,0.0,0.0
9,332.8,0.0,0.0,0.0,0.0,0.0,0.0,70.10848736066126,0.0,0.0,0.0,0.0,0.0,0.0,0.0
10,332.8,0.0,0.0,0.0,0.0,0.0,0.0,70.10848736066126,0.0,0.0,0.0,0.0,0.0,0.0,0.0
11,332.8,0.0,0.0,0.0,0.0,0.0,0.0,70.10848736066126,0.0,0.0,0.0,0.0,0.0,0.0,0.0
12,332.8,0.0,0.0,0.2,0.2,0.0,0.2,70.10848736066126,0.0,0.0,0.447213595499958,0.447213595499958,0.0,0.447213595499958,0.0
13,332.8,0.0,0.0,0.6,0.4,0.0,0.4,70.10848736066126,0.0,0.0,0.5477225575051662,0.5477225575051662,0.0,0.5477225575051662,0.0
14,332.8,0.0,0.0,0.6,0.2,0.0,0.2,70.10848736066126,0.0,0.0,0.8944271909999159,0.44721359549995804,0.0,0.44721359549995804,0.0
15,332.8,0.0,0.0,0.0,0.0,0.0,0.0,70.10848736066126,0.0,0.0,0.0,0.0,0.0,0.0,0.0
16,332.8,0.0,0.0,0.2,0.2,0.0,0.2,70.10848736066126,0.0,0.0,0.447213595499958,0.447213595499958,0.0,0.447213595499958,0.0
17,332.8,0.0,0.0,0.0,0.0,0.0,0.0,70.10848736066126,0.0,0.0,0.0,0.0,0.0,0.0,0.0
18,332.8,0.0,0.0,0.0,0.0,0.0,0.0,70.10848736066126,0.0,0.0,0.0,0.0,0.0,0.0,0.0
19,332.8,0.0,0.0,0.0,0.0,0.0,0.0,70.10848736066126,0.0,0.0,0.0,0.0,0.0,0.0,0.0
20,332.8,0.0,0.0,0.0,0.0,0.0,0.0,70.10848736066126,0.0,0.0,0.0,0.0,0.0,0.0,0.0
21,332.8,0.0,0.0,0.0,0.0,0.0,0.0,70.10848736066126,0.0,0.0,0.0,0.0,0.0,0.0,0.0
22,332.8,0.0,0.0,0.0,0.0,0.0,0.0,70.10848736066126,0.0,0.0,0.0,0.0,0.0,0.0,0.0
23,332.8,0.0,0.0,0.0,0.0,0.0,0.0,70.10848736066126,0.0,0.0,0.0,0.0,0.0,0.0,0.0
24,332.8,0.0,0.0,0.0,0.0,0.0,0.0,70.10848736066126,0.0,0.0,0.0,0.0,0.0,0.0,0.0
25,332.8,0.0,0.0,0.0,0.0,0.0,0.0,70.10848736066126,0.0,0.0,0.0,0.0,0.0,0.0,0.0
26,332.8,0.0,0.0,0.0,0.0,0.0,0.0,70.10848736066126,0.0,0.0,0.0,0.0,0.0,0.0,0.0
27,332.8,0.0,0.0,0.0,0.0,0.4,0.6,70.10848736066126,0.0,0.0,0.0,0.0,0.5477225575051662,0.5477225575051662,0.0
28,332.8,0.0,0.0,0.0,0.0,0.2,0.4,70.10848736066126,0.0,0.0,0.0,0.0,0.44721359549995804,0.5477225575051662,0.0
29,332.8,0.0,0.0,0.2,0.4,0.0,0.4,70.10848736066126,0.0,0.0,0.44721359549995804,0.5477225575051662,0.0,0.5477225575051662,0.0
30,335.6,0.0,0.0,0.6,0.2,0.0,0.2,70.50035460903726,0.0,0.0,0.5477225575051662,0.447213595499958,0.0,0.447213595499958,0.0
31,334.2,0.0,0.0,0.2,0.2,0.0,0.2,71.44368411553256,0.0,0.0,0.44721359549995804,0.44721359549995804,0.0,0.44721359549995804,0.0
32,333.4,0.0,0.0,0.4,0.0,0.0,0.0,70.66682389919615,0.0,0.0,0.5477225575051662,0.0,0.0,0.0,0.0
33,333.0,0.0,0.0,0.2,0.2,0.0,0.2,70.2922470831599,0.0,0.0,0.447213595499958,0.447213595499958,0.0,0.447213595499958,0.0
34,332.8,0.0,0.0,0.0,0.0,0.0,0.0,70.10848736066126,0.0,0.0,0.0,0.0,0.0,0.0,0.0
35,332.8,0.0,0.0,0.0,0.0,0.0,0.0,70.10848736066126,0.0,0.0,0.0,0.0,0.0,0.0,0.0
36,332.8,0.0,0.0,0.0,0.0,0.0,0.0,70.10848736066126,0.0,0.0,0.0,0.0,0.0,0.0,0.0
37,335.2,0.0,0.0,0.0,0.0,0.0,0.0,66.95670242776298,0.0,0.0,0.0,0.0,0.0,0.0,0.0
38,333.8,0.0,0.0,0.0,0.0,0.0,0.0,68.76190805962267,0.0,0.0,0.0,0.0,0.0,0.0,0.0
39,332.8,0.0,0.0,0.0,0.0,0.0,0.0,70.10848736066126,0.0,0.0,0.0,0.0,0.0,0.0,0.0
40,332.8,0.0,0.0,0.0,0.0,0.0,0.0,70.10848736066126,0.0,0.0,0.0,0.0,0.0,0.0,0.0
41,332.8,0.0,0.0,0.0,0.0,0.0,0.0,70.10848736066126,0.0,0.0,0.0,0.0,0.0,0.0,0.0
42,332.8,0.0,0.0,0.0,0.0,0.0,0.0,70.10848736066126,0.0,0.0,0.0,0.0,0.0,0.0,0.0
43,332.8,0.0,0.0,0.0,0.0,0.0,0.0,70.10848736066126,0.0,0.0,0.0,0.0,0.0,0.0,0.0
44,332.8,0.0,0.0,0.0,0.0,0.0,0.0,70.10848736066126,0.0,0.0,0.0,0.0,0.0,0.0,0.0
45,332.8,0.0,0.0,0.4,0.4,0.0,0.4,70.10848736066126,0.0,0.0,0.5477225575051662,0.5477225575051662,0.0,0.5477225575051662,0.0
46,332.8,0.0,0.0,0.6,0.2,0.0,0.2,70.10848736066126,0.0,0.0,0.8944271909999159,0.447213595499958,0.0,0.447213595499958,0.0
47,332.8,0.0,0.0,0.0,0.0,0.0,0.0,70.10848736066126,0.0,0.0,0.0,0.0,0.0,0.0,0.0
48,332.8,0.0,0.0,0.2,0.2,0.0,0.2,70.10848736066126,0.0,0.0,0.44721359549995804,0.44721359549995804,0.0,0.44721359549995804,0.0
49,332.8,0.0,0.0,0.4,0.2,0.0,0.2,70.10848736066126,0.0,0.0,0.5477225575051662,0.44721359549995804,0.0,0.44721359549995804,0.0
50,332.8,0.0,0.0,0.0,0.0,0.0,0.0,70.10848736066126,0.0,0.0,0.0,0.0,0.0,0.0,0.0
51,332.8,0.0,0.0,0.0,0.0,0.0,0.0,70.10848736066126,0.0,0.0,0.0,0.0,0.0,0.0,0.0
52,332.8,0.0,0.0,0.0,0.0,0.0,0.0,70.10848736066126,0.0,0.0,0.0,0.0,0.0,0.0,0.0
53,332.8,0.0,0.0,0.0,0.0,0.0,0.0,70.10848736066126,0.0,0.0,0.0,0.0,0.0,0.0,0.0
54,332.8,0.0,0.0,0.0,0.0,0.0,0.0,70.10848736066126,0.0,0.0,0.0,0.0,0.0,0.0,0.0
55,332.8,0.0,0.0,0.0,0.0,0.2,0.4,70.10848736066126,0.0,0.0,0.0,0.0,0.447213595499958,0.5477225575051662,0.0
56,332.8,0.0,0.0,0.0,0.0,0.4,0.6,70.10848736066126,0.0,0.0,0.0,0.0,0.8944271909999161,0.5477225575051662,0.0
57,332.8,0.0,0.0,0.0,0.0,0.0,0.0,70.10848736066126,0.0,0.0,0.0,0.0,0.0,0.0,0.0
58,332.8,0.0,0.0,0.0,0.0,0.0,0.0,70.10848736066126,0.0,0.0,0.0,0.0,0.0,0.0,0.0
59,332.8,0.0,0.0,0.0,0.0,0.0,0.0,70.10848736066126,0.0,0.0,0.0,0.0,0.0,0.0,0.0
60,332.8,0.0,0.0,0.0,0.0,0.0,0.0,70.10848736066126,0.0,0.0,0.0,0.0,0.0,0.0,0.0
61,332.8,0.0,0.0,0.0,0.0,0.0,0.0,70.10848736066126,0.0,0.0,0.0,0.0,0.0,0.0,0.0
62,332.8,0.0,0.0,0.4,0.0,0.0,0.0,70.10848736066126,0.0,0.0,0.5477225575051662,0.0,0.0,0.0,0.0
63,332.8,0.0,0.0,0.2,0.2,0.0,0.2,70.10848736066126,0.0,0.0,0.44721359549995804,0.44721359549995804,0.0,0.44721359549995804,0.0
64,332.8,0.0,0.0,0.2,0.2,0.0,0.2,70.10848736066126,0.0,0.0,0.447213595499958,0.447213595499958,0.0,0.447213595499958,0.0
65,332.8,0.0,0.0,0.6,0.4,0.0,0.4,70.10848736066126,0.0,0.0,0.5477225575051662,0.5477225575051662,0.0,0.5477225575051662,0.0
66,332.8,0.0,0.0,0.2,0.2,0.0,0.2,70.10848736066126,0.0,0.0,0.447213595499958,0.447213595499958,0.0,0.447213595499958,0.0
67,332.8,0.0,0.0,0.0,0.0,0.0,0.0,70.10848736066126,0.0,0.0,0.0,0.0,0.0,0.0,0.0
68,332.8,0.0,0.0,0.0,0.0,0.0,0.0,70.10848736066126,0.0,0.0,0.0,0.0,0.0,0.0,0.0
69,332.8,0.0,0.0,0.0,0.0,0.0,0.0,70.10848736066126,0.0,0.0,0.0,0.0,0.0,0.0,0.0
70,332.8,0.0,0.0,0.0,0.0,0.0,0.0,70.10848736066126,0.0,0.0,0.0,0.0,0.0,0.0,0.0
71,332.8,0.0,0.0,0.0,0.0,0.0,0.0,70.10848736066126,0.0,0.0,0.0,0.0,0.0,0.0,0.0
72,332.8,0.0,0.0,0.0,0.0,0.0,0.0,70.10848736066126,0.0,0.0,0.0,0.0,0.0,0.0,0.0
73,332.8,0.0,0.0,0.0,0.0,0.0,0.0,70.10848736066126,0.0,0.0,0.0,0.0,0.0,0.0,0.0
74,332.8,0.0,0.0,0.0,0.0,0.0,0.0,70.10848736066126,0.0,0.0,0.0,0.0,0.0,0.0,0.0
75,332.8,0.0,0.0,0.0,0.0,0.0,0.0,70.10848736066126,0.0,0.0,0.0,0.0,0.0,0.0,0.0
76,334.8,0.0,0.0,0.0,0.0,0.0,0.0,72.04998265093477,0.0,0.0,0.0,0.0,0.0,0.0,0.0
77,334.2,0.0,0.0,0.0,0.0,0.0,0.0,71.44368411553256,0.0,0.0,0.0,0.0,0.0,0.0,0.0
78,333.4,0.0,0.0,0.0,0.0,0.0,0.0,70.66682389919615,0.0,0.0,0.0,0.0,0.0,0.0,0.0
79,333.0,0.0,0.0,0.6,0.4,0.0,0.4,70.2922470831599,0.0,0.0,0.5477225575051662,0.5477225575051662,0.0,0.5477225575051662,0.0
80,332.8,0.0,0.0,0.6,0.4,0.0,0.4,70.10848736066126,0.0,0.0,0.5477225575051662,0.5477225575051662,0.0,0.5477225575051662,0.0
81,332.8,0.0,0.0,0.2,0.0,0.0,0.0,70.10848736066126,0.0,0.0,0.44721359549995804,0.0,0.0,0.0,0.0
82,332.8,0.0,0.0,0.0,0.0,0.0,0.0,70.10848736066126,0.0,0.0,0.0,0.0,0.0,0.0,0.0
83,332.8,0.0,0.0,0.0,0.0,0.0,0.0,70.10848736066126,0.0,0.0,0.0,0.0,0.0,0.0,0.0
84,332.8,0.0,0.0,0.0,0.0,0.4,0.6,70.10848736066126,0.0,0.0,0.0,0.0,0.5477225575051662,0.5477225575051662,0.0
85,332.8,0.0,0.0,0.0,0.0,0.2,0.4,70.10848736066126,0.0,0.0,0.0,0.0,0.44721359549995804,0.5477225575051662,0.0
86,332.8,0.0,0.0,0.2,0.2,0.0,0.2,70.10848736066126,0.0,0.0,0.44721359549995804,0.44721359549995804,0.0,0.44721359549995804,0.0
87,332.8,0.0,0.0,0.0,0.0,0.0,0.0,70.10848736066126,0.0,0.0,0.0,0.0,0.0,0.0,0.0
88,332.8,0.0,0.0,0.0,0.0,0.0,0.0,70.10848736066126,0.0,0.0,0.0,0.0,0.0,0.0,0.0
89,332.8,0.0,0.0,0.0,0.0,0.0,0.0,70.10848736066126,0.0,0.0,0.0,0.0,0.0,0.0,0.0
90,332.8,0.0,0.0,0.0,0.0,0.0,0.0,70.10848736066126,0.0,0.0,0.0,0.0,0.0,0.0,0.0
91,332.8,0.0,0.0,0.0,0.0,0.0,0.0,70.10848736066126,0.0,0.0,0.0,0.0,0.0,0.0,0.0
92,332.8,0.0,0.0,0.0,0.0,0.0,0.0,70.10848736066126,0.0,0.0,0.0,0.0,0.0,0.0,0.0
93,332.8,0.0,0.0,0.0,0.0,0.0,0.0,70.10848736066126,0.0,0.0,0.0,0.0,0.0,0.0,0.0
94,332.8,0.0,0.0,0.0,0.0,0.0,0.0,70.10848736066126,0.0,0.0,0.0,0.0,0.0,0.0,0.0
95,332.8,0.0,0.0,0.0,0.2,0.0,0.2,70.10848736066126,0.0,0.0,0.0,0.447213595499958,0.0,0.447213595499958,0.0
96,332.8,0.0,0.0,0.2,0.2,0.0,0.2,70.10848736066126,0.0,0.0,0.447213595499958,0.44721359549995804,0.0,0.44721359549995804,0.0
97,332.8,0.0,0.0,0.4,0.0,0.0,0.0,70.10848736066126,0.0,0.0,0.5477225575051662,0.0,0.0,0.0,0.0
98,332.8,0.0,0.0,0.2,0.2,0.0,0.2,70.10848736066126,0.0,0.0,0.447213595499958,0.447213595499958,0.0,0.447213595499958,0.0
99,332.8,0.0,0.0,0.2,0.2,0.0,0.2,70.10848736066126,0.0,0.0,0.44721359549995804,0.44721359549995804,0.0,0.44721359549995804,0.0
100,332.8,0.0,0.0,0.6,0.2,0.0,0.2,70.10848736066126,0.0,0.0,0.8944271909999159,0.44721359549995804,0.0,0.44721359549995804,0.0
101,332.8,0.0,0.0,0.0,0.0,0.0,0.0,70.10848736066126,0.0,0.0,0.0,0.0,0.0,0.0,0.0
102,332.8,0.0,0.0,0.0,0.0,0.0,0.0,70.10848736066126,0.0,0.0,0.0,0.0,0.0,0.0,0.0
103,332.8,0.0,0.0,0.0,0.0,0.0,0.0,70.10848736066126,0.0,0.0,0.0,0.0,0.0,0.0,0.0
104,332.8,0.0,0.0,0.0,0.0,0.0,0.0,70.10848736066126,0.0,0.0,0.0,0.0,0.0,0.0,0.0
105,332.8,0.0,0.0,0.0,0.0,0.0,0.0,70.10848736066126,0.0,0.0,0.0,0.0,0.0,0.0,0.0
106,332.8,0.0,0.0,0.0,0.0,0.0,0.0,70.10848736066126,0.0,0.0,0.0,0.0,0.0,0.0,0.0
107,332.8,0.0,0.0,0.0,0.0,0.0,0.0,70.10848736066126,0.0,0.0,0.0,0.0,0.0,0.0,0.0
108,332.8,0.0,0.0,0.0,0.0,0.0,0.0,70.10848736066126,0.0,0.0,0.0,0.0,0.0,0.0,0.0
109,332.8,0.0,0.0,0.0,0.0,0.0,0.0,70.10848736066126,0.0,0.0,0.0,0.0,0.0,0.0,0.0
110,332.8,0.0,0.0,0.0,0.0,0.0,0.0,70.10848736066126,0.0,0.0,0.0,0.0,0.0,0.0,0.0
111,332.8,0.0,0.0,0.0,0.0,0.0,0.0,70.10848736066126,0.0,0.0,0.0,0.0,0.0,0.0,0.0
112,332.8,0.0,0.0,0.0,0.0,0.2,0.2,70.10848736066126,0.0,0.0,0.0,0.0,0.44721359549995804,0.44721359549995804,0.0
113,332.8,0.0,0.0,0.2,0.2,0.4,0.8,70.10848736066126,0.0,0.0,0.447213595499958,0.447213595499958,0.5477225575051662,0.8366600265340756,0.0
114,332.8,0.0,0.0,0.2,0.2,0.0,0.4,70.10848736066126,0.0,0.0,0.447213595499958,0.447213595499958,0.0,0.5477225575051662,0.0
115,332.8,0.0,0.0,0.4,0.2,0.0,0.2,70.10848736066126,0.0,0.0,0.5477225575051662,0.44721359549995804,0.0,0.44721359549995804,0.0
116,332.8,0.0,0.0,0.4,0.0,0.0,0.0,70.10848736066126,0.0,0.0,0.5477225575051662,0.0,0.0,0.0,0.0
117,332.8,0.0,0.0,0.2,0.2,0.0,0.2,70.10848736066126,0.0,0.0,0.44721359549995804,0.44721359549995804,0.0,0.44721359549995804,0.0
118,332.8,0.0,0.0,0.2,0.2,0.0,0.2,70.10848736066126,0.0,0.0,0.44721359549995804,0.44721359549995804,0.0,0.44721359549995804,0.0
119,332.8,0.0,0.0,0.0,0.0,0.0,0.0,70.10848736066126,0.0,0.0,0.0,0.0,0.0,0.0,0.0
120,332.8,0.0,0.0,0.0,0.0,0.0,0.0,70.10848736066126,0.0,0.0,0.0,0.0,0.0,0.0,0.0
121,332.8,0.0,0.0,0.0,0.0,0.0,0.0,70.10848736066126,0.0,0.0,0.0,0.0,0.0,0.0,0.0
122,332.8,0.0,0.0,0.0,0.0,0.0,0.0,70.10848736066126,0.0,0.0,0.0,0.0,0.0,0.0,0.0
123,332.8,0.0,0.0,0.0,0.0,0.0,0.0,70.10848736066126,0.0,0.0,0.0,0.0,0.0,0.0,0.0
124,332.8,0.0,0.0,0.0,0.0,0.0,0.0,70.10848736066126,0.0,0.0,0.0,0.0,0.0,0.0,0.0
125,332.8,0.0,0.0,0.0,0.0,0.0,0.0,70.10848736066126,0.0,0.0,0.0,0.0,0.0,0.0,0.0
126,332.8,0.0,0.0,0.0,0.0,0.0,0.0,70.10848736066126,0.0,0.0,0.0,0.0,0.0,0.0,0.0
127,332.8,0.0,0.0,0.0,0.0,0.0,0.0,70.10848736066126,0.0,0.0,0.0,0.0,0.0,0.0,0.0
128,332.8,0.0,0.0,0.0,0.0,0.0,0.0,70.10848736066126,0.0,0.0,0.0,0.0,0.0,0.0,0.0
129,332.8,0.0,0.0,0.0,0.0,0.0,0.0,70.10848736066126,0.0,0.0,0.0,0.0,0.0,0.0,0.0
130,332.8,0.0,0.0,0.0,0.0,0.0,0.0,70.10848736066126,0.0,0.0,0.0,0.0,0.0,0.0,0.0
131,332.8,0.0,0.0,0.4,0.0,0.0,0.0,70.10848736066126,0.0,0.0,0.5477225575051662,0.0,0.0,0.0,0.0
132,332.8,0.0,0.0,0.0,0.0,0.0,0.0,70.10848736066126,0.0,0.0,0.0,0.0,0.0,0.0,0.0
133,332.8,0.0,0.0,0.4,0.4,0.0,0.4,70.10848736066126,0.0,0.0,0.5477225575051662,0.5477225575051662,0.0,0.5477225575051662,0.0
134,332.8,0.0,0.0,0.4,0.4,0.0,0.4,70.10848736066126,0.0,0.0,0.5477225575051662,0.5477225575051662,0.0,0.5477225575051662,0.0
135,332.8,0.0,0.0,0.0,0.0,0.0,0.0,70.10848736066126,0.0,0.0,0.0,0.0,0.0,0.0,0.0
136,332.8,0.0,0.0,0.4,0.2,0.0,0.2,70.10848736066126,0.0,0.0,0.5477225575051662,0.44721359549995804,0.0,0.44721359549995804,0.0
137,332.8,0.0,0.0,0.0,0.0,0.0,0.0,70.10848736066126,0.0,0.0,0.0,0.0,0.0,0.0,0.0
138,332.8,0.0,0.0,0.0,0.0,0.0,0.0,70.10848736066126,0.0,0.0,0.0,0.0,0.0,0.0,0.0
139,332.8,0.0,0.0,0.0,0.0,0.0,0.0,70.10848736066126,0.0,0.0,0.0,0.0,0.0,0.0,0.0
140,332.8,0.0,0.0,0.0,0.0,0.0,0.2,70.10848736066126,0.0,0.0,0.0,0.0,0.0,0.44721359549995804,0.0
141,332.8,0.0,0.0,0.0,0.0,0.4,0.4,70.10848736066126,0.0,0.0,0.0,0.0,0.5477225575051662,0.5477225575051662,0.0
142,332.8,0.0,0.0,0.0,0.0,0.2,0.2,70.10848736066126,0.0,0.0,0.0,0.0,0.44721359549995804,0.44721359549995804,0.0
143,332.8,0.0,0.0,0.0,0.0,0.0,0.2,70.10848736066126,0.0,0.0,0.0,0.0,0.0,0.44721359549995804,0.0
144,332.8,0.0,0.0,0.0,0.0,0.0,0.0,70.10848736066126,0.0,0.0,0.0,0.0,0.0,0.0,0.0
145,332.8,0.0,0.0,0.0,0.0,0.0,0.0,70.10848736066126,0.0,0.0,0.0,0.0,0.0,0.0,0.0
146,332.8,0.0,0.0,0.0,0.0,0.0,0.0,70.10848736066126,0.0,0.0,0.0,0.0,0.0,0.0,0.0
147,332.8,0.0,0.0,0.0,0.0,0.0,0.0,70.10848736066126,0.0,0.0,0.0,0.0,0.0,0.0,0.0
148,332.8,0.0,0.0,0.0,0.0,0.0,0.0,70.10848736066126,0.0,0.0,0.0,0.0,0.0,0.0,0.0
149,332.8,0.0,0.0,0.0,0.0,0.0,0.0,70.10848736066126,0.0,0.0,0.0,0.0,0.0,0.0,0.0
150,332.8,0.0,0.0,0.2,0.2,0.0,0.2,70.10848736066126,0.0,0.0,0.447213595499958,0.447213595499958,0.0,0.447213595499958,0.0
151,332.8,0.0,0.0,0.0,0.0,0.0,0.0,70.10848736066126,0.0,0.0,0.0,0.0,0.0,0.0,0.0
152,332.8,0.0,0.0,0.0,0.2,0.0,0.2,70.10848736066126,0.0,0.0,0.0,0.44721359549995804,0.0,0.44721359549995804,0.0
153,332.8,0.0,0.0,0.6,0.2,0.0,0.2,70.10848736066126,0.0,0.0,0.5477225575051662,0.44721359549995804,0.0,0.44721359549995804,0.0
154,332.8,0.0,0.0,0.0,0.0,0.0,0.0,70.10848736066126,0.0,0.0,0.0,0.0,0.0,0.0,0.0
155,332.8,0.0,0.0,0.8,0.4,0.0,0.4,70.10848736066126,0.0,0.0,0.8366600265340756,0.5477225575051662,0.0,0.5477225575051662,0.0
156,332.8,0.0,0.0,0.0,0.0,0.0,0.0,70.10848736066126,0.0,0.0,0.0,0.0,0.0,0.0,0.0
157,332.8,0.0,0.0,0.0,0.0,0.0,0.0,70.10848736066126,0.0,0.0,0.0,0.0,0.0,0.0,0.0
158,332.8,0.0,0.0,0.0,0.0,0.0,0.0,70.10848736066126,0.0,0.0,0.0,0.0,0.0,0.0,0.0
159,332.8,0.0,0.0,0.0,0.0,0.0,0.0,70.10848736066126,0.0,0.0,0.0,0.0,0.0,0.0,0.0
160,332.8,0.0,0.0,0.0,0.0,0.0,0.0,70.10848736066126,0.0,0.0,0.0,0.0,0.0,0.0,0.0
161,332.8,0.0,0.0,0.0,0.0,0.0,0.0,70.10848736066126,0.0,0.0,0.0,0.0,0.0,0.0,0.0
162,332.8,0.0,0.0,0.0,0.0,0.0,0.0,70.10848736066126,0.0,0.0,0.0,0.0,0.0,0.0,0.0
163,332.8,0.0,0.0,0.0,0.0,0.0,0.0,70.10848736066126,0.0,0.0,0.0,0.0,0.0,0.0,0.0
164,332.8,0.0,0.0,0.0,0.0,0.0,0.0,70.10848736066126,0.0,0.0,0.0,0.0,0.0,0.0,0.0
165,332.8,0.0,0.0,0.2,0.2,0.0,0.2,70.10848736066126,0.0,0.0,0.447213595499958,0.447213595499958,0.0,0.447213595499958,0.0
166,332.8,0.0,0.0,0.6,0.4,0.0,0.4,70.10848736066126,0.0,0.0,0.5477225575051662,0.5477225575051662,0.0,0.5477225575051662,0.0
167,332.8,0.0,0.0,0.0,0.0,0.0,0.0,70.10848736066126,0.0,0.0,0.0,0.0,0.0,0.0,0.0
168,332.8,0.0,0.0,0.0,0.0,0.0,0.2,70.10848736066126,0.0,0.0,0.0,0.0,0.0,0.44721359549995804,0.0
169,332.8,0.0,0.0,0.0,0.0,0.2,0.2,70.10848736066126,0.0,0.0,0.0,0.0,0.447213595499958,0.447213595499958,0.0
170,332.8,0.0,0.0,0.0,0.0,0.2,0.4,70.10848736066126,0.0,0.0,0.0,0.0,0.44721359549995804,0.5477225575051662,0.0
171,332.8,0.0,0.0,0.4,0.0,0.2,0.2,70.10848736066126,0.0,0.0,0.5477225575051662,0.0,0.44721359549995804,0.44721359549995804,0.0
172,332.8,0.0,0.0,0.2,0.0,0.0,0.0,70.10848736066126,0.0,0.0,0.44721359549995804,0.0,0.0,0.0,0.0
173,332.8,0.0,0.0,0.2,0.2,0.0,0.2,70.10848736066126,0.0,0.0,0.44721359549995804,0.44721359549995804,0.0,0.44721359549995804,0.0
174,332.8,0.0,0.0,0.0,0.2,0.0,0.2,70.10848736066126,0.0,0.0,0.0,0.44721359549995804,0.0,0.44721359549995804,0.0
175,332.8,0.0,0.0,0.0,0.0,0.0,0.0,70.10848736066126,0.0,0.0,0.0,0.0,0.0,0.0,0.0
176,332.8,0.0,0.0,0.0,0.0,0.0,0.0,70.10848736066126,0.0,0.0,0.0,0.0,0.0,0.0,0.0
177,332.8,0.0,0.0,0.0,0.0,0.0,0.0,70.10848736066126,0.0,0.0,0.0,0.0,0.0,0.0,0.0
178,332.8,0.0,0.0,0.0,0.0,0.0,0.0,70.10848736066126,0.0,0.0,0.0,0.0,0.0,0.0,0.0
179,332.8,0.0,0.0,0.0,0.0,0.0,0.0,70.10848736066126,0.0,0.0,0.0,0.0,0.0,0.0,0.0
180,334.8,0.0,0.0,0.0,0.0,0.0,0.0,67.3847163680311,0.0,0.0,0.0,0.0,0.0,0.0,0.0
181,333.2,0.0,0.0,0.0,0.0,0.0,0.0,69.56435869035235,0.0,0.0,0.0,0.0,0.0,0.0,0.0
182,332.8,0.0,0.0,0.0,0.0,0.0,0.0,70.10848736066126,0.0,0.0,0.0,0.0,0.0,0.0,0.0
183,332.8,0.0,0.0,0.0,0.0,0.0,0.0,70.10848736066126,0.0,0.0,0.0,0.0,0.0,0.0,0.0
184,332.8,0.0,0.0,0.0,0.0,0.0,0.0,70.10848736066126,0.0,0.0,0.0,0.0,0.0,0.0,0.0
185,332.8,0.0,0.0,0.2,0.2,0.0,0.2,70.10848736066126,0.0,0.0,0.44721359549995804,0.44721359549995804,0.0,0.44721359549995804,0.0
186,332.8,0.0,0.0,0.4,0.0,0.0,0.0,70.10848736066126,0.0,0.0,0.5477225575051662,0.0,0.0,0.0,0.0
187,332.8,0.0,0.0,0.0,0.2,0.0,0.2,70.10848736066126,0.0,0.0,0.0,0.44721359549995804,0.0,0.44721359549995804,0.0
188,332.8,0.0,0.0,0.4,0.0,0.0,0.0,70.10848736066126,0.0,0.0,0.5477225575051662,0.0,0.0,0.0,0.0
189,332.8,0.0,0.0,0.0,0.0,0.0,0.0,70.10848736066126,0.0,0.0,0.0,0.0,0.0,0.0,0.0
190,332.8,0.0,0.0,0.4,0.2,0.0,0.2,70.10848736066126,0.0,0.0,0.5477225575051662,0.447213595499958,0.0,0.447213595499958,0.0
191,332.8,0.0,0.0,0.2,0.4,0.0,0.4,70.10848736066126,0.0,0.0,0.447213595499958,0.5477225575051662,0.0,0.5477225575051662,0.0
192,332.8,0.0,0.0,0.0,0.0,0.0,0.0,70.10848736066126,0.0,0.0,0.0,0.0,0.0,0.0,0.0
193,332.8,0.0,0.0,0.0,0.0,0.0,0.0,70.10848736066126,0.0,0.0,0.0,0.0,0.0,0.0,0.0
194,332.8,0.0,0.0,0.0,0.0,0.0,0.0,70.10848736066126,0.0,0.0,0.0,0.0,0.0,0.0,0.0
195,332.8,0.0,0.0,0.0,0.0,0.0,0.0,70.10848736066126,0.0,0.0,0.0,0.0,0.0,0.0,0.0
196,332.8,0.0,0.0,0.0,0.0,0.0,0.2,70.10848736066126,0.0,0.0,0.0,0.0,0.0,0.44721359549995804,0.0
197,332.8,0.0,0.0,0.0,0.0,0.2,0.2,70.10848736066126,0.0,0.0,0.0,0.0,0.447213595499958,0.447213595499958,0.0
198,332.8,0.0,0.0,0.0,0.0,0.0,0.2,70.10848736066126,0.0,0.0,0.0,0.0,0.0,0.447213595499958,0.0
199,332.8,0.0,0.0,0.0,0.0,0.4,0.2,70.10848736066126,0.0,0.0,0.0,0.0,0.8944271909999161,0.44721359549995804,0.0
200,332.8,0.0,0.0,0.8,0.2,0.0,0.4,70.10848736066126,0.0,0.0,0.8366600265340756,0.447213595499958,0.0,0.5477225575051662,0.0
201,332.8,0.0,0.0,0.2,0.4,0.0,0.4,70.10848736066126,0.0,0.0,0.44721359549995804,0.5477225575051662,0.0,0.5477225575051662,0.0
202,332.8,0.0,0.0,0.2,0.2,0.0,0.2,70.10848736066126,0.0,0.0,0.447213595499958,0.447213595499958,0.0,0.447213595499958,0.0
203,332.8,0.0,0.0,0.0,0.0,0.0,0.0,70.10848736066126,0.0,0.0,0.0,0.0,0.0,0.0,0.0
204,332.8,0.0,0.0,0.0,0.0,0.0,0.0,70.10848736066126,0.0,0.0,0.0,0.0,0.0,0.0,0.0
205,332.8,0.0,0.0,0.4,0.2,0.0,0.2,70.10848736066126,0.0,0.0,0.5477225575051662,0.44721359549995804,0.0,0.44721359549995804,0.0
206,332.8,0.0,0.0,0.0,0.0,0.0,0.0,70.10848736066126,0.0,0.0,0.0,0.0,0.0,0.0,0.0
207,332.8,0.0,0.0,0.0,0.0,0.0,0.0,70.10848736066126,0.0,0.0,0.0,0.0,0.0,0.0,0.0
208,332.8,0.0,0.0,0.0,0.0,0.0,0.0,70.10848736066126,0.0,0.0,0.0,0.0,0.0,0.0,0.0
209,332.8,0.0,0.0,0.0,0.0,0.0,0.0,70.10848736066126,0.0,0.0,0.0,0.0,0.0,0.0,0.0
210,332.8,0.0,0.0,0.0,0.0,0.0,0.0,70.10848736066126,0.0,0.0,0.0,0.0,0.0,0.0,0.0
211,332.8,0.0,0.0,0.0,0.0,0.0,0.0,70.10848736066126,0.0,0.0,0.0,0.0,0.0,0.0,0.0
212,332.8,0.0,0.0,0.0,0.0,0.0,0.0,70.10848736066126,0.0,0.0,0.0,0.0,0.0,0.0,0.0
213,332.8,0.0,0.0,0.0,0.0,0.0,0.0,70.10848736066126,0.0,0.0,0.0,0.0,0.0,0.0,0.0
214,332.8,0.0,0.0,0.0,0.0,0.0,0.0,70.10848736066126,0.0,0.0,0.0,0.0,0.0,0.0,0.0
215,332.8,0.0,0.0,0.0,0.0,0.0,0.0,70.10848736066126,0.0,0.0,0.0,0.0,0.0,0.0,0.0
216,332.8,0.0,0.0,0.0,0.0,0.0,0.0,70.10848736066126,0.0,0.0,0.0,0.0,0.0,0.0,0.0
217,332.8,0.0,0.0,0.0,0.0,0.0,0.0,70.10848736066126,0.0,0.0,0.0,0.0,0.0,0.0,0.0
218,332.8,0.0,0.0,0.0,0.0,0.0,0.0,70.10848736066126,0.0,0.0,0.0,0.0,0.0,0.0,0.0
219,332.8,0.0,0.0,0.4,0.2,0.0,0.2,70.10848736066126,0.0,0.0,0.5477225575051662,0.447213595499958,0.0,0.447213595499958,0.0
220,332.8,0.0,0.0,0.4,0.2,0.0,0.2,70.10848736066126,0.0,0.0,0.8944271909999161,0.44721359549995804,0.0,0.44721359549995804,0.0
221,332.8,0.0,0.0,0.4,0.2,0.0,0.2,70.10848736066126,0.0,0.0,0.5477225575051662,0.44721359549995804,0.0,0.44721359549995804,0.0
222,332.8,0.0,0.0,0.2,0.2,0.0,0.2,70.10848736066126,0.0,0.0,0.44721359549995804,0.44721359549995804,0.0,0.44721359549995804,0.0
223,332.8,0.0,0.0,0.0,0.0,0.0,0.0,70.10848736066126,0.0,0.0,0.0,0.0,0.0,0.0,0.0
224,332.8,0.0,0.0,0.0,0.0,0.0,0.0,70.10848736066126,0.0,0.0,0.0,0.0,0.0,0.0,0.0
225,332.8,0.0,0.0,0.0,0.0,0.2,0.4,70.10848736066126,0.0,0.0,0.0,0.0,0.447213595499958,0.5477225575051662,0.0
226,332.8,0.0,0.0,0.2,0.2,0.0,0.4,70.10848736066126,0.0,0.0,0.447213595499958,0.447213595499958,0.0,0.5477225575051662,0.0
227,332.8,0.0,0.0,0.0,0.0,0.2,0.0,70.10848736066126,0.0,0.0,0.0,0.0,0.44721359549995804,0.0,0.0
228,332.8,0.0,0.0,0.0,0.0,0.2,0.4,70.10848736066126,0.0,0.0,0.0,0.0,0.44721359549995804,0.5477225575051662,0.0
229,332.8,0.0,0.0,0.0,0.0,0.0,0.0,70.10848736066126,0.0,0.0,0.0,0.0,0.0,0.0,0.0
230,332.8,0.0,0.0,0.0,0.0,0.0,0.0,70.10848736066126,0.0,0.0,0.0,0.0,0.0,0.0,0.0
231,332.8,0.0,0.0,0.0,0.0,0.0,0.0,70.10848736066126,0.0,0.0,0.0,0.0,0.0,0.0,0.0
232,332.8,0.0,0.0,0.0,0.0,0.0,0.0,70.10848736066126,0.0,0.0,0.0,0.0,0.0,0.0,0.0
233,332.8,0.0,0.0,0.0,0.0,0.0,0.0,70.10848736066126,0.0,0.0,0.0,0.0,0.0,0.0,0.0
234,332.8,0.0,0.0,0.0,0.0,0.0,0.0,70.10848736066126,0.0,0.0,0.0,0.0,0.0,0.0,0.0
235,335.2,0.0,0.0,0.2,0.2,0.0,0.2,66.95670242776298,0.0,0.0,0.447213595499958,0.447213595499958,0.0,0.447213595499958,0.0
236,334.6,0.0,0.0,0.0,0.0,0.0,0.0,67.6520509666928,0.0,0.0,0.0,0.0,0.0,0.0,0.0
237,333.6,0.0,0.0,0.6,0.4,0.0,0.4,70.84348946798146,0.0,0.0,0.5477225575051662,0.5477225575051662,0.0,0.5477225575051662,0.0
238,333.6,0.0,0.0,0.0,0.0,0.0,0.0,70.84348946798146,0.0,0.0,0.0,0.0,0.0,0.0,0.0
239,333.6,0.0,0.0,0.0,0.0,0.0,0.0,70.84348946798146,0.0,0.0,0.0,0.0,0.0,0.0,0.0
240,333.6,0.0,0.0,0.2,0.2,0.0,0.2,70.84348946798146,0.0,0.0,0.44721359549995804,0.44721359549995804,0.0,0.44721359549995804,0.0
241,333.6,0.0,0.0,0.2,0.2,0.0,0.2,70.84348946798146,0.0,0.0,0.447213595499958,0.447213595499958,0.0,0.447213595499958,0.0
242,333.6,0.0,0.0,0.0,0.0,0.0,0.0,70.84348946798146,0.0,0.0,0.0,0.0,0.0,0.0,0.0
243,333.6,0.0,0.0,0.4,0.0,0.0,0.0,70.84348946798146,0.0,0.0,0.5477225575051662,0.0,0.0,0.0,0.0
244,333.6,0.0,0.0,0.0,0.0,0.0,0.0,70.84348946798146,0.0,0.0,0.0,0.0,0.0,0.0,0.0
245,333.6,0.0,0.0,0.0,0.0,0.0,0.0,70.84348946798146,0.0,0.0,0.0,0.0,0.0,0.0,0.0
246,335.6,0.0,0.0,0.0,0.0,0.0,0.0,72.73788558928558,0.0,0.0,0.0,0.0,0.0,0.0,0.0
247,338.0,0.0,0.0,0.0,0.0,0.0,0.0,74.96665925596525,0.0,0.0,0.0,0.0,0.0,0.0,0.0
248,336.6,0.0,0.0,0.0,0.0,0.0,0.0,73.62608233499864,0.0,0.0,0.0,0.0,0.0,0.0,0.0
249,335.6,0.0,0.0,0.0,0.0,0.0,0.0,72.6863123290761,0.0,0.0,0.0,0.0,0.0,0.0,0.0
250,337.2,0.0,0.0,0.0,0.0,0.0,0.0,68.78735348884997,0.0,0.0,0.0,0.0,0.0,0.0,0.0
251,334.8,0.0,0.0,0.0,0.0,0.0,0.0,69.67567724823348,0.0,0.0,0.0,0.0,0.0,0.0,0.0
252,333.6,0.0,0.0,0.2,0.2,0.0,0.2,70.84348946798146,0.0,0.0,0.447213595499958,0.447213595499958,0.0,0.447213595499958,0.0
253,332.8,0.0,0.0,0.4,0.2,0.0,0.2,70.10848736066126,0.0,0.0,0.5477225575051662,0.44721359549995804,0.0,0.44721359549995804,0.0
254,332.8,0.0,0.0,0.0,0.0,0.2,0.4,70.10848736066126,0.0,0.0,0.0,0.0,0.447213595499958,0.5477225575051662,0.0
255,332.8,0.0,0.0,0.2,0.2,0.0,0.4,70.10848736066126,0.0,0.0,0.447213595499958,0.447213595499958,0.0,0.5477225575051662,0.0
256,332.8,0.0,0.0,0.4,0.0,0.4,0.0,70.10848736066126,0.0,0.0,0.5477225575051662,0.0,0.8944271909999161,0.0,0.0
257,332.8,0.0,0.0,0.0,0.0,0.0,0.4,70.10848736066126,0.0,0.0,0.0,0.0,0.0,0.5477225575051662,0.0
258,332.8,0.0,0.0,0.2,0.2,0.0,0.2,70.10848736066126,0.0,0.0,0.44721359549995804,0.44721359549995804,0.0,0.44721359549995804,0.0
259,332.8,0.0,0.0,0.2,0.2,0.0,0.2,70.10848736066126,0.0,0.0,0.44721359549995804,0.44721359549995804,0.0,0.44721359549995804,0.0
260,332.8,0.0,0.0,0.0,0.0,0.0,0.0,70.10848736066126,0.0,0.0,0.0,0.0,0.0,0.0,0.0
261,332.8,0.0,0.0,0.0,0.0,0.0,0.0,70.10848736066126,0.0,0.0,0.0,0.0,0.0,0.0,0.0
262,332.8,0.0,0.0,0.0,0.0,0.0,0.0,70.10848736066126,0.0,0.0,0.0,0.0,0.0,0.0,0.0
263,332.8,0.0,0.0,0.0,0.0,0.0,0.0,70.10848736066126,0.0,0.0,0.0,0.0,0.0,0.0,0.0
264,332.8,0.0,0.0,0.0,0.0,0.0,0.0,70.10848736066126,0.0,0.0,0.0,0.0,0.0,0.0,0.0
265,332.8,0.0,0.0,0.0,0.0,0.0,0.0,70.10848736066126,0.0,0.0,0.0,0.0,0.0,0.0,0.0
266,332.8,0.0,0.0,0.0,0.0,0.0,0.0,70.10848736066126,0.0,0.0,0.0,0.0,0.0,0.0,0.0
267,332.8,0.0,0.0,0.0,0.0,0.0,0.0,70.10848736066126,0.0,0.0,0.0,0.0,0.0,0.0,0.0
268,332.8,0.0,0.0,0.0,0.0,0.0,0.0,70.10848736066126,0.0,0.0,0.0,0.0,0.0,0.0,0.0
269,332.8,0.0,0.0,0.0,0.0,0.0,0.0,70.10848736066126,0.0,0.0,0.0,0.0,0.0,0.0,0.0
270,332.8,0.0,0.0,0.2,0.2,0.0,0.2,70.10848736066126,0.0,0.0,0.44721359549995804,0.44721359549995804,0.0,0.44721359549995804,0.0
271,332.8,0.0,0.0,0.4,0.2,0.0,0.2,70.10848736066126,0.0,0.0,0.5477225575051662,0.44721359549995804,0.0,0.44721359549995804,0.0
272,332.8,0.0,0.0,0.0,0.0,0.0,0.0,70.10848736066126,0.0,0.0,0.0,0.0,0.0,0.0,0.0
273,332.8,0.0,0.0,0.0,0.0,0.0,0.0,70.10848736066126,0.0,0.0,0.0,0.0,0.0,0.0,0.0
274,332.8,0.0,0.0,0.2,0.2,0.0,0.2,70.10848736066126,0.0,0.0,0.447213595499958,0.447213595499958,0.0,0.447213595499958,0.0
275,332.8,0.0,0.0,0.0,0.0,0.0,0.0,70.10848736066126,0.0,0.0,0.0,0.0,0.0,0.0,0.0
276,332.8,0.0,0.0,0.0,0.0,0.0,0.0,70.10848736066126,0.0,0.0,0.0,0.0,0.0,0.0,0.0
277,332.8,0.0,0.0,0.6,0.2,0.0,0.2,70.10848736066126,0.0,0.0,0.8944271909999159,0.44721359549995804,0.0,0.44721359549995804,0.0
278,332.8,0.0,0.0,0.2,0.2,0.0,0.2,70.10848736066126,0.0,0.0,0.447213595499958,0.447213595499958,0.0,0.447213595499958,0.0
279,332.8,0.0,0.0,0.0,0.0,0.0,0.0,70.10848736066126,0.0,0.0,0.0,0.0,0.0,0.0,0.0
280,332.8,0.0,0.0,0.0,0.0,0.0,0.0,70.10848736066126,0.0,0.0,0.0,0.0,0.0,0.0,0.0
281,332.8,0.0,0.0,0.0,0.0,0.0,0.0,70.10848736066126,0.0,0.0,0.0,0.0,0.0,0.0,0.0
282,332.8,0.0,0.0,0.0,0.0,0.2,0.2,70.10848736066126,0.0,0.0,0.0,0.0,0.447213595499958,0.447213595499958,0.0
283,332.8,0.0,0.0,0.0,0.0,0.0,0.4,70.10848736066126,0.0,0.0,0.0,0.0,0.0,0.5477225575051662,0.0
284,332.8,0.0,0.0,0.0,0.0,0.2,0.0,70.10848736066126,0.0,0.0,0.0,0.0,0.44721359549995804,0.0,0.0
285,332.8,0.0,0.0,0.0,0.0,0.2,0.4,70.10848736066126,0.0,0.0,0.0,0.0,0.44721359549995804,0.5477225575051662,0.0
286,332.8,0.0,0.0,0.0,0.0,0.0,0.0,70.10848736066126,0.0,0.0,0.0,0.0,0.0,0.0,0.0
287,332.8,0.0,0.0,0.0,0.0,0.0,0.0,70.10848736066126,0.0,0.0,0.0,0.0,0.0,0.0,0.0
288,332.8,0.0,0.0,0.4,0.0,0.0,0.0,70.10848736066126,0.0,0.0,0.5477225575051662,0.0,0.0,0.0,0.0
289,332.8,0.0,0.0,0.0,0.0,0.0,0.0,70.10848736066126,0.0,0.0,0.0,0.0,0.0,0.0,0.0
290,332.8,0.0,0.0,0.0,0.0,0.0,0.0,70.10848736066126,0.0,0.0,0.0,0.0,0.0,0.0,0.0
291,332.8,0.0,0.0,0.2,0.2,0.0,0.2,70.10848736066126,0.0,0.0,0.44721359549995804,0.44721359549995804,0.0,0.44721359549995804,0.0
292,332.8,0.0,0.0,0.2,0.2,0.0,0.2,70.10848736066126,0.0,0.0,0.447213595499958,0.447213595499958,0.0,0.447213595499958,0.0
293,332.8,0.0,0.0,0.6,0.4,0.0,0.4,70.10848736066126,0.0,0.0,0.5477225575051662,0.5477225575051662,0.0,0.5477225575051662,0.0
294,332.8,0.0,0.0,0.2,0.2,0.0,0.2,70.10848736066126,0.0,0.0,0.447213595499958,0.447213595499958,0.0,0.447213595499958,0.0
295,332.8,0.0,0.0,0.0,0.0,0.0,0.0,70.10848736066126,0.0,0.0,0.0,0.0,0.0,0.0,0.0
296,332.8,0.0,0.0,0.0,0.0,0.0,0.0,70.10848736066126,0.0,0.0,0.0,0.0,0.0,0.0,0.0
297,332.8,0.0,0.0,0.0,0.0,0.0,0.0,70.10848736066126,0.0,0.0,0.0,0.0,0.0,0.0,0.0
298,332.8,0.0,0.0,0.0,0.0,0.0,0.0,70.10848736066126,0.0,0.0,0.0,0.0,0.0,0.0,0.0
299,332.8,0.0,0.0,0.0,0.0,0.0,0.0,70.10848736066126,0.0,0.0,0.0,0.0,0.0,0.0,0.0
300,332.8,0.0,0.0,0.0,0.0,0.0,0.0,70.10848736066126,0.0,0.0,0.0,0.0,0.0,0.0,0.0
301,332.8,0.0,0.0,0.0,0.0,0.0,0.0,70.10848736066126,0.0,0.0,0.0,0.0,0.0,0.0,0.0
302,332.8,0.0,0.0,0.0,0.0,0.0,0.0,70.10848736066126,0.0,0.0,0.0,0.0,0.0,0.0,0.0
303,332.8,0.0,0.0,0.0,0.0,0.0,0.0,70.10848736066126,0.0,0.0,0.0,0.0,0.0,0.0,0.0
304,332.8,0.0,0.0,0.0,0.0,0.0,0.0,70.10848736066126,0.0,0.0,0.0,0.0,0.0,0.0,0.0
305,332.8,0.0,0.0,0.2,0.2,0.0,0.2,70.10848736066126,0.0,0.0,0.447213595499958,0.447213595499958,0.0,0.447213595499958,0.0
306,332.8,0.0,0.0,0.0,0.2,0.0,0.2,70.10848736066126,0.0,0.0,0.0,0.44721359549995804,0.0,0.44721359549995804,0.0
307,332.8,0.0,0.0,0.8,0.2,0.0,0.2,70.10848736066126,0.0,0.0,0.8366600265340756,0.447213595499958,0.0,0.447213595499958,0.0
308,332.8,0.0,0.0,0.2,0.0,0.0,0.0,70.10848736066126,0.0,0.0,0.44721359549995804,0.0,0.0,0.0,0.0
309,332.8,0.0,0.0,0.0,0.0,0.0,0.0,70.10848736066126,0.0,0.0,0.0,0.0,0.0,0.0,0.0
310,332.8,0.0,0.0,0.2,0.0,0.0,0.0,70.10848736066126,0.0,0.0,0.44721359549995804,0.0,0.0,0.0,0.0
311,338.4,0.0,0.0,0.0,0.2,0.2,0.6,75.520195974322,0.0,0.0,0.0,0.44721359549995804,0.447213595499958,0.5477225575051662,0.0
312,337.2,0.0,0.0,0.0,0.0,0.0,0.2,74.31487065184196,0.0,0.0,0.0,0.0,0.0,0.447213595499958,0.0
313,335.4,0.0,0.0,0.2,0.0,0.2,0.0,72.55205028116022,0.0,0.0,0.44721359549995804,0.0,0.44721359549995804,0.0,0.0
314,334.0,0.0,0.0,0.0,0.2,0.2,0.6,71.22850552973858,0.0,0.0,0.0,0.44721359549995804,0.44721359549995804,0.8944271909999157,0.0
315,333.2,0.0,0.0,0.0,0.0,0.0,0.0,70.4783654748037,0.0,0.0,0.0,0.0,0.0,0.0,0.0
316,332.8,0.0,0.0,0.0,0.0,0.0,0.0,70.10848736066126,0.0,0.0,0.0,0.0,0.0,0.0,0.0
317,332.8,0.0,0.0,0.0,0.0,0.0,0.0,70.10848736066126,0.0,0.0,0.0,0.0,0.0,0.0,0.0
318,332.8,0.0,0.0,0.0,0.0,0.0,0.0,70.10848736066126,0.0,0.0,0.0,0.0,0.0,0.0,0.0
319,332.8,0.0,0.0,0.0,0.0,0.0,0.0,70.10848736066126,0.0,0.0,0.0,0.0,0.0,0.0,0.0
320,332.8,0.0,0.0,0.0,0.0,0.0,0.0,70.10848736066126,0.0,0.0,0.0,0.0,0.0,0.0,0.0
321,332.8,0.0,0.0,0.0,0.0,0.0,0.0,70.10848736066126,0.0,0.0,0.0,0.0,0.0,0.0,0.0
322,332.8,0.0,0.0,0.0,0.0,0.0,0.0,70.10848736066126,0.0,0.0,0.0,0.0,0.0,0.0,0.0
323,332.8,0.0,0.0,0.2,0.0,0.0,0.0,70.10848736066126,0.0,0.0,0.44721359549995804,0.0,0.0,0.0,0.0
324,332.8,0.0,0.0,0.2,0.4,0.0,0.4,70.10848736066126,0.0,0.0,0.447213595499958,0.5477225575051662,0.0,0.5477225575051662,0.0
325,332.8,0.0,0.0,0.0,0.0,0.0,0.0,70.10848736066126,0.0,0.0,0.0,0.0,0.0,0.0,0.0
326,332.8,0.0,0.0,0.0,0.0,0.0,0.0,70.10848736066126,0.0,0.0,0.0,0.0,0.0,0.0,0.0
327,332.8,0.0,0.0,0.6,0.2,0.0,0.2,70.10848736066126,0.0,0.0,0.5477225575051662,0.447213595499958,0.0,0.447213595499958,0.0
328,332.8,0.0,0.0,0.4,0.2,0.0,0.2,70.10848736066126,0.0,0.0,0.5477225575051662,0.44721359549995804,0.0,0.44721359549995804,0.0
329,332.8,0.0,0.0,0.0,0.0,0.0,0.0,70.10848736066126,0.0,0.0,0.0,0.0,0.0,0.0,0.0
330,332.8,0.0,0.0,0.0,0.0,0.0,0.0,70.10848736066126,0.0,0.0,0.0,0.0,0.0,0.0,0.0
331,332.8,0.0,0.0,0.2,0.2,0.0,0.2,70.10848736066126,0.0,0.0,0.44721359549995804,0.44721359549995804,0.0,0.44721359549995804,0.0
332,332.8,0.0,0.0,0.0,0.0,0.0,0.0,70.10848736066126,0.0,0.0,0.0,0.0,0.0,0.0,0.0
333,332.8,0.0,0.0,0.0,0.0,0.0,0.0,70.10848736066126,0.0,0.0,0.0,0.0,0.0,0.0,0.0
334,332.8,0.0,0.0,0.0,0.0,0.0,0.0,70.10848736066126,0.0,0.0,0.0,0.0,0.0,0.0,0.0
335,332.8,0.0,0.0,0.0,0.0,0.0,0.0,70.10848736066126,0.0,0.0,0.0,0.0,0.0,0.0,0.0
336,332.8,0.0,0.0,0.0,0.0,0.0,0.0,70.10848736066126,0.0,0.0,0.0,0.0,0.0,0.0,0.0
337,332.8,0.0,0.0,0.0,0.0,0.0,0.0,70.10848736066126,0.0,0.0,0.0,0.0,0.0,0.0,0.0
338,332.8,0.0,0.0,0.0,0.0,0.0,0.0,70.10848736066126,0.0,0.0,0.0,0.0,0.0,0.0,0.0
339,332.8,0.0,0.0,0.0,0.0,0.2,0.4,70.10848736066126,0.0,0.0,0.0,0.0,0.447213595499958,0.5477225575051662,0.0
340,332.8,0.0,0.0,0.0,0.0,0.0,0.2,70.10848736066126,0.0,0.0,0.0,0.0,0.0,0.447213595499958,0.0
341,332.8,0.0,0.0,0.0,0.0,0.2,0.0,70.10848736066126,0.0,0.0,0.0,0.0,0.44721359549995804,0.0,0.0
342,332.8,0.0,0.0,0.2,0.2,0.2,0.6,70.10848736066126,0.0,0.0,0.44721359549995804,0.44721359549995804,0.44721359549995804,0.8944271909999157,0.0
343,332.8,0.0,0.0,0.0,0.0,0.0,0.0,70.10848736066126,0.0,0.0,0.0,0.0,0.0,0.0,0.0
344,332.8,0.0,0.0,0.2,0.2,0.0,0.2,70.10848736066126,0.0,0.0,0.447213595499958,0.447213595499958,0.0,0.447213595499958,0.0
345,332.8,0.0,0.0,0.2,0.2,0.0,0.2,70.10848736066126,0.0,0.0,0.44721359549995804,0.44721359549995804,0.0,0.44721359549995804,0.0
346,332.8,0.0,0.0,0.2,0.2,0.0,0.2,70.10848736066126,0.0,0.0,0.447213595499958,0.447213595499958,0.0,0.447213595499958,0.0
347,332.8,0.0,0.0,0.4,0.2,0.0,0.2,70.10848736066126,0.0,0.0,0.5477225575051662,0.44721359549995804,0.0,0.44721359549995804,0.0
348,341.4,0.0,0.0,0.4,0.0,0.0,0.0,64.16229422332091,0.0,0.0,0.5477225575051662,0.0,0.0,0.0,0.0
349,336.0,0.0,0.0,0.0,0.0,0.0,0.0,69.0253576593414,0.0,0.0,0.0,0.0,0.0,0.0,0.0
350,333.6,0.0,0.0,0.0,0.0,0.0,0.0,70.85760368513742,0.0,0.0,0.0,0.0,0.0,0.0,0.0
351,333.0,0.0,0.0,0.0,0.0,0.0,0.0,70.2922470831599,0.0,0.0,0.0,0.0,0.0,0.0,0.0
352,332.8,0.0,0.0,0.0,0.0,0.0,0.0,70.10848736066126,0.0,0.0,0.0,0.0,0.0,0.0,0.0
353,332.8,0.0,0.0,0.0,0.0,0.0,0.0,70.10848736066126,0.0,0.0,0.0,0.0,0.0,0.0,0.0
354,332.8,0.0,0.0,0.0,0.0,0.0,0.0,70.10848736066126,0.0,0.0,0.0,0.0,0.0,0.0,0.0
355,332.8,0.0,0.0,0.0,0.0,0.0,0.0,70.10848736066126,0.0,0.0,0.0,0.0,0.0,0.0,0.0
356,332.8,0.0,0.0,0.0,0.0,0.0,0.0,70.10848736066126,0.0,0.0,0.0,0.0,0.0,0.0,0.0
357,332.8,0.0,0.0,0.0,0.0,0.0,0.0,70.10848736066126,0.0,0.0,0.0,0.0,0.0,0.0,0.0
358,332.8,0.0,0.0,0.0,0.0,0.0,0.0,70.10848736066126,0.0,0.0,0.0,0.0,0.0,0.0,0.0
359,332.8,0.0,0.0,0.0,0.0,0.0,0.0,70.10848736066126,0.0,0.0,0.0,0.0,0.0,0.0,0.0
360,332.8,0.0,0.0,0.0,0.0,0.0,0.0,70.10848736066126,0.0,0.0,0.0,0.0,0.0,0.0,0.0
361,332.8,0.0,0.0,0.2,0.2,0.0,0.2,70.10848736066126,0.0,0.0,0.447213595499958,0.447213595499958,0.0,0.447213595499958,0.0
362,332.8,0.0,0.0,0.2,0.0,0.0,0.0,70.10848736066126,0.0,0.0,0.44721359549995804,0.0,0.0,0.0,0.0
363,332.8,0.0,0.0,0.6,0.4,0.0,0.4,70.10848736066126,0.0,0.0,0.8944271909999159,0.5477225575051662,0.0,0.5477225575051662,0.0
364,332.8,0.0,0.0,0.0,0.0,0.0,0.0,70.10848736066126,0.0,0.0,0.0,0.0,0.0,0.0,0.0
365,332.8,0.0,0.0,0.0,0.2,0.0,0.2,70.10848736066126,0.0,0.0,0.0,0.44721359549995804,0.0,0.44721359549995804,0.0
366,332.8,0.0,0.0,0.6,0.2,0.0,0.2,70.10848736066126,0.0,0.0,0.5477225575051662,0.44721359549995804,0.0,0.44721359549995804,0.0
367,332.8,0.0,0.0,0.0,0.0,0.2,0.2,70.10848736066126,0.0,0.0,0.0,0.0,0.447213595499958,0.447213595499958,0.0
368,332.8,0.0,0.0,0.0,0.0,0.0,0.4,70.10848736066126,0.0,0.0,0.0,0.0,0.0,0.5477225575051662,0.0
369,332.8,0.0,0.0,0.0,0.0,0.0,0.0,70.10848736066126,0.0,0.0,0.0,0.0,0.0,0.0,0.0
370,332.8,0.0,0.0,0.0,0.0,0.4,0.2,70.10848736066126,0.0,0.0,0.0,0.0,0.8944271909999161,0.44721359549995804,0.0
371,332.8,0.0,0.0,0.0,0.0,0.0,0.2,70.10848736066126,0.0,0.0,0.0,0.0,0.0,0.44721359549995804,0.0
372,332.8,0.0,0.0,0.0,0.0,0.0,0.0,70.10848736066126,0.0,0.0,0.0,0.0,0.0,0.0,0.0
373,332.8,0.0,0.0,0.0,0.0,0.0,0.0,70.10848736066126,0.0,0.0,0.0,0.0,0.0,0.0,0.0
374,332.8,0.0,0.0,0.0,0.0,0.0,0.0,70.10848736066126,0.0,0.0,0.0,0.0,0.0,0.0,0.0
375,332.8,0.0,0.0,0.0,0.0,0.0,0.0,70.10848736066126,0.0,0.0,0.0,0.0,0.0,0.0,0.0
376,332.8,0.0,0.0,0.2,0.0,0.0,0.0,70.10848736066126,0.0,0.0,0.44721359549995804,0.0,0.0,0.0,0.0
377,332.8,0.0,0.0,0.2,0.6,0.0,0.6,70.10848736066126,0.0,0.0,0.447213595499958,0.5477225575051662,0.0,0.5477225575051662,0.0
378,332.8,0.0,0.0,0.6,0.2,0.0,0.2,70.10848736066126,0.0,0.0,0.5477225575051662,0.447213595499958,0.0,0.447213595499958,0.0
379,332.8,0.0,0.0,0.0,0.0,0.0,0.0,70.10848736066126,0.0,0.0,0.0,0.0,0.0,0.0,0.0
380,332.8,0.0,0.0,0.0,0.0,0.0,0.0,70.10848736066126,0.0,0.0,0.0,0.0,0.0,0.0,0.0
381,332.8,0.0,0.0,0.2,0.0,0.0,0.0,70.10848736066126,0.0,0.0,0.447213595499958,0.0,0.0,0.0,0.0
382,332.8,0.0,0.0,0.4,0.2,0.0,0.2,70.10848736066126,0.0,0.0,0.8944271909999161,0.44721359549995804,0.0,0.44721359549995804,0.0
383,332.8,0.0,0.0,0.0,0.0,0.0,0.0,70.10848736066126,0.0,0.0,0.0,0.0,0.0,0.0,0.0
384,332.8,0.0,0.0,0.0,0.0,0.0,0.0,70.10848736066126,0.0,0.0,0.0,0.0,0.0,0.0,0.0
385,332.8,0.0,0.0,0.0,0.0,0.0,0.0,70.10848736066126,0.0,0.0,0.0,0.0,0.0,0.0,0.0
386,332.8,0.0,0.0,0.0,0.0,0.0,0.0,70.10848736066126,0.0,0.0,0.0,0.0,0.0,0.0,0.0
387,332.8,0.0,0.0,0.0,0.0,0.0,0.0,70.10848736066126,0.0,0.0,0.0,0.0,0.0,0.0,0.0
388,332.8,0.0,0.0,0.0,0.0,0.0,0.0,70.10848736066126,0.0,0.0,0.0,0.0,0.0,0.0,0.0
389,332.8,0.0,0.0,0.0,0.0,0.0,0.0,70.10848736066126,0.0,0.0,0.0,0.0,0.0,0.0,0.0
390,332.8,0.0,0.0,0.0,0.0,0.0,0.0,70.10848736066126,0.0,0.0,0.0,0.0,0.0,0.0,0.0
391,332.8,0.0,0.0,0.0,0.0,0.0,0.0,70.10848736066126,0.0,0.0,0.0,0.0,0.0,0.0,0.0
392,332.8,0.0,0.0,0.2,0.0,0.0,0.0,70.10848736066126,0.0,0.0,0.44721359549995804,0.0,0.0,0.0,0.0
393,332.8,0.0,0.0,0.0,0.2,0.0,0.2,70.10848736066126,0.0,0.0,0.0,0.44721359549995804,0.0,0.44721359549995804,0.0
394,332.8,0.0,0.0,0.0,0.2,0.0,0.2,70.10848736066126,0.0,0.0,0.0,0.44721359549995804,0.0,0.44721359549995804,0.0
395,332.8,0.0,0.0,0.4,0.0,0.0,0.0,70.10848736066126,0.0,0.0,0.5477225575051662,0.0,0.0,0.0,0.0
396,332.8,0.0,0.0,0.4,0.0,0.2,0.4,70.10848736066126,0.0,0.0,0.5477225575051662,0.0,0.447213595499958,0.5477225575051662,0.0
397,332.8,0.0,0.0,0.0,0.0,0.0,0.2,70.10848736066126,0.0,0.0,0.0,0.0,0.0,0.447213595499958,0.0
398,332.8,0.0,0.0,0.4,0.2,0.4,0.2,70.10848736066126,0.0,0.0,0.5477225575051662,0.447213595499958,0.8944271909999161,0.447213595499958,0.0
399,332.8,0.0,0.0,0.0,0.2,0.0,0.6,70.10848736066126,0.0,0.0,0.0,0.44721359549995804,0.0,0.8944271909999157,0.0
400,332.8,0.0,0.0,0.2,0.2,0.0,0.2,70.10848736066126,0.0,0.0,0.447213595499958,0.447213595499958,0.0,0.447213595499958,0.0
401,332.8,0.0,0.0,0.0,0.0,0.0,0.0,70.10848736066126,0.0,0.0,0.0,0.0,0.0,0.0,0.0
402,332.8,0.0,0.0,0.0,0.0,0.0,0.0,70.10848736066126,0.0,0.0,0.0,0.0,0.0,0.0,0.0
403,332.8,0.0,0.0,0.0,0.0,0.0,0.0,70.10848736066126,0.0,0.0,0.0,0.0,0.0,0.0,0.0
404,332.8,0.0,0.0,0.0,0.0,0.0,0.0,70.10848736066126,0.0,0.0,0.0,0.0,0.0,0.0,0.0
405,332.8,0.0,0.0,0.0,0.0,0.0,0.0,70.10848736066126,0.0,0.0,0.0,0.0,0.0,0.0,0.0
406,332.8,0.0,0.0,0.0,0.0,0.0,0.0,70.10848736066126,0.0,0.0,0.0,0.0,0.0,0.0,0.0
407,332.8,0.0,0.0,0.0,0.0,0.0,0.0,70.10848736066126,0.0,0.0,0.0,0.0,0.0,0.0,0.0
408,332.8,0.0,0.0,0.0,0.0,0.0,0.0,70.10848736066126,0.0,0.0,0.0,0.0,0.0,0.0,0.0
409,332.8,0.0,0.0,0.4,0.0,0.0,0.0,70.10848736066126,0.0,0.0,0.5477225575051662,0.0,0.0,0.0,0.0
410,332.8,0.0,0.0,0.4,0.4,0.0,0.4,70.10848736066126,0.0,0.0,0.5477225575051662,0.5477225575051662,0.0,0.5477225575051662,0.0
411,332.8,0.0,0.0,0.2,0.0,0.0,0.0,70.10848736066126,0.0,0.0,0.44721359549995804,0.0,0.0,0.0,0.0
412,332.8,0.0,0.0,0.2,0.2,0.0,0.2,70.10848736066126,0.0,0.0,0.447213595499958,0.447213595499958,0.0,0.447213595499958,0.0
413,332.8,0.0,0.0,0.0,0.0,0.0,0.0,70.10848736066126,0.0,0.0,0.0,0.0,0.0,0.0,0.0
414,352.0,0.0,0.0,0.0,0.0,0.0,0.0,64.0,0.0,0.0,0.0,0.0,0.0,0.0,0.0
415,332.8,0.0,0.0,0.2,0.0,0.0,0.0,70.10848736066126,0.0,0.0,0.44721359549995804,0.0,0.0,0.0,0.0
416,332.8,0.0,0.0,0.2,0.4,0.0,0.4,70.10848736066126,0.0,0.0,0.44721359549995804,0.5477225575051662,0.0,0.5477225575051662,0.0
417,332.8,0.0,0.0,0.0,0.0,0.0,0.0,70.10848736066126,0.0,0.0,0.0,0.0,0.0,0.0,0.0
418,332.8,0.0,0.0,0.0,0.0,0.0,0.0,70.10848736066126,0.0,0.0,0.0,0.0,0.0,0.0,0.0
419,332.8,0.0,0.0,0.0,0.0,0.0,0.0,70.10848736066126,0.0,0.0,0.0,0.0,0.0,0.0,0.0
420,332.8,0.0,0.0,0.0,0.0,0.0,0.0,70.10848736066126,0.0,0.0,0.0,0.0,0.0,0.0,0.0
421,332.8,0.0,0.0,0.0,0.0,0.0,0.0,70.10848736066126,0.0,0.0,0.0,0.0,0.0,0.0,0.0
422,332.8,0.0,0.0,0.0,0.0,0.0,0.0,70.10848736066126,0.0,0.0,0.0,0.0,0.0,0.0,0.0
423,332.8,0.0,0.0,0.0,0.0,0.0,0.0,70.10848736066126,0.0,0.0,0.0,0.0,0.0,0.0,0.0
424,334.6,0.0,0.0,0.0,0.0,0.0,0.0,67.71853512887,0.0,0.0,0.0,0.0,0.0,0.0,0.0
425,334.4,0.0,0.0,0.0,0.0,0.0,0.4,67.97646651599361,0.0,0.0,0.0,0.0,0.0,0.5477225575051662,0.0
426,332.8,0.0,0.0,0.0,0.0,0.2,0.2,70.10848736066126,0.0,0.0,0.0,0.0,0.447213595499958,0.447213595499958,0.0
427,332.8,0.0,0.0,0.4,0.0,0.4,0.2,70.10848736066126,0.0,0.0,0.5477225575051662,0.0,0.8944271909999161,0.44721359549995804,0.0
428,332.8,0.0,0.0,0.2,0.2,0.0,0.4,70.10848736066126,0.0,0.0,0.44721359549995804,0.44721359549995804,0.0,0.5477225575051662,0.0
429,332.8,0.0,0.0,0.4,0.2,0.0,0.2,70.10848736066126,0.0,0.0,0.5477225575051662,0.44721359549995804,0.0,0.44721359549995804,0.0
430,332.8,0.0,0.0,0.0,0.4,0.0,0.4,70.10848736066126,0.0,0.0,0.0,0.5477225575051662,0.0,0.5477225575051662,0.0
431,332.8,0.0,0.0,0.2,0.0,0.0,0.0,70.10848736066126,0.0,0.0,0.447213595499958,0.0,0.0,0.0,0.0
432,332.8,0.0,0.0,0.0,0.0,0.0,0.0,70.10848736066126,0.0,0.0,0.0,0.0,0.0,0.0,0.0
433,335.2,0.0,0.0,0.0,0.0,0.0,0.0,72.46516404452557,0.0,0.0,0.0,0.0,0.0,0.0,0.0
434,336.8,0.0,0.0,0.0,0.0,0.0,0.0,73.87286375929934,0.0,0.0,0.0,0.0,0.0,0.0,0.0
435,335.6,0.0,0.0,0.4,0.2,0.0,0.2,72.7241362960056,0.0,0.0,0.5477225575051662,0.44721359549995804,0.0,0.44721359549995804,0.0
436,333.8,0.0,0.0,0.0,0.0,0.0,0.0,71.03661027948898,0.0,0.0,0.0,0.0,0.0,0.0,0.0
437,333.0,0.0,0.0,0.0,0.0,0.0,0.0,70.2922470831599,0.0,0.0,0.0,0.0,0.0,0.0,0.0
438,332.8,0.0,0.0,0.0,0.0,0.0,0.0,70.10848736066126,0.0,0.0,0.0,0.0,0.0,0.0,0.0
439,332.8,0.0,0.0,0.0,0.0,0.0,0.0,70.10848736066126,0.0,0.0,0.0,0.0,0.0,0.0,0.0
440,332.8,0.0,0.0,0.0,0.0,0.0,0.0,70.10848736066126,0.0,0.0,0.0,0.0,0.0,0.0,0.0
441,332.8,0.0,0.0,0.0,0.0,0.0,0.0,70.10848736066126,0.0,0.0,0.0,0.0,0.0,0.0,0.0
442,332.8,0.0,0.0,0.0,0.0,0.0,0.0,70.10848736066126,0.0,0.0,0.0,0.0,0.0,0.0,0.0
443,332.8,0.0,0.0,0.0,0.0,0.0,0.0,70.10848736066126,0.0,0.0,0.0,0.0,0.0,0.0,0.0
444,332.8,0.0,0.0,0.0,0.0,0.0,0.0,70.10848736066126,0.0,0.0,0.0,0.0,0.0,0.0,0.0
445,332.8,0.0,0.0,0.0,0.0,0.0,0.0,70.10848736066126,0.0,0.0,0.0,0.0,0.0,0.0,0.0
446,332.8,0.0,0.0,0.0,0.0,0.0,0.0,70.10848736066126,0.0,0.0,0.0,0.0,0.0,0.0,0.0
447,332.8,0.0,0.0,0.4,0.2,0.0,0.2,70.10848736066126,0.0,0.0,0.5477225575051662,0.44721359549995804,0.0,0.44721359549995804,0.0
448,332.8,0.0,0.0,0.0,0.0,0.0,0.0,70.10848736066126,0.0,0.0,0.0,0.0,0.0,0.0,0.0
449,332.8,0.0,0.0,0.0,0.0,0.0,0.0,70.10848736066126,0.0,0.0,0.0,0.0,0.0,0.0,1.0
450,320.0,0.0,0.0,1.0,0.0,0.0,0.0,90.50966799187809,0.0,0.0,0.0,0.0,0.0,0.0,1.0
451,320.0,0.0,0.0,1.0,0.5,0.0,0.5,90.50966799187809,0.0,0.0,1.4142135623730951,0.7071067811865476,0.0,0.7071067811865476,1.0
452,320.0,0.0,0.0,2.5,0.5,0.0,0.5,90.50966799187809,0.0,0.0,3.5355339059327378,0.7071067811865476,0.0,0.7071067811865476,1.0
453,320.0,0.0,0.0,2.5,0.0,0.0,0.0,90.50966799187809,0.0,0.0,3.5355339059327378,0.0,0.0,0.0,1.0
454,320.0,0.0,0.0,2.5,0.0,0.0,0.5,90.50966799187809,0.0,0.0,3.5355339059327378,0.0,0.0,0.7071067811865476,1.0
455,320.0,0.0,0.0,3.0,0.0,0.5,0.5,90.50966799187809,0.0,0.0,4.242640687119285,0.0,0.7071067811865476,0.7071067811865476,1.0
456,298.6666666666667,0.0,0.0,3.6666666666666665,0.0,0.0,0.0,73.90083445627211,0.0,0.0,3.214550253664318,0.0,0.0,0.0,1.0
457,320.0,0.0,0.0,3.0,0.0,0.0,0.0,90.50966799187809,0.0,0.0,4.242640687119285,0.0,0.0,0.0,1.0
458,320.0,0.0,0.0,3.5,0.0,0.0,0.0,90.50966799187809,0.0,0.0,4.949747468305833,0.0,0.0,0.0,1.0
459,320.0,0.0,0.0,2.5,0.0,0.0,0.0,90.50966799187809,0.0,0.0,3.5355339059327378,0.0,0.0,0.0,1.0
460,320.0,0.0,0.0,3.5,0.0,0.0,0.0,90.50966799187809,0.0,0.0,4.949747468305833,0.0,0.0,0.0,1.0
461,320.0,0.0,0.0,3.5,0.0,0.0,0.0,90.50966799187809,0.0,0.0,4.949747468305833,0.0,0.0,0.0,1.0
462,320.0,0.0,0.0,2.5,0.0,0.0,0.0,90.50966799187809,0.0,0.0,3.5355339059327378,0.0,0.0,0.0,1.0
463,320.0,0.0,0.0,2.5,0.0,0.0,0.0,90.50966799187809,0.0,0.0,3.5355339059327378,0.0,0.0,0.0,1.0
464,320.0,0.0,0.0,3.0,0.0,0.0,0.0,90.50966799187809,0.0,0.0,4.242640687119285,0.0,0.0,0.0,1.0
465,320.0,0.0,0.0,3.0,0.5,0.0,0.5,90.50966799187809,0.0,0.0,2.8284271247461903,0.7071067811865476,0.0,0.7071067811865476,1.0
466,384.0,0.0,0.0,0.0,1.0,0.0,1.0,,,,,,,,1.0
467,320.0,0.0,0.0,2.0,0.0,0.0,0.0,90.50966799187809,0.0,0.0,2.8284271247461903,0.0,0.0,0.0,1.0
468,320.0,0.0,0.0,2.5,0.0,0.0,0.0,90.50966799187809,0.0,0.0,3.5355339059327378,0.0,0.0,0.0,1.0
469,320.0,0.0,0.0,2.5,0.0,0.0,0.0,90.50966799187809,0.0,0.0,3.5355339059327378,0.0,0.0,0.0,1.0
470,320.0,0.0,0.0,2.5,0.0,0.0,0.0,90.50966799187809,0.0,0.0,3.5355339059327378,0.0,0.0,0.0,1.0
471,320.0,0.0,0.0,4.0,0.0,0.0,0.0,90.50966799187809,0.0,0.0,5.656854249492381,0.0,0.0,0.0,1.0
472,320.0,0.0,0.0,2.0,0.0,0.0,0.0,90.50966799187809,0.0,0.0,2.8284271247461903,0.0,0.0,0.0,1.0
473,320.0,0.0,0.0,3.0,0.0,0.0,0.0,90.50966799187809,0.0,0.0,4.242640687119285,0.0,0.0,0.0,1.0
474,320.0,0.0,0.0,2.5,0.0,0.0,0.0,90.50966799187809,0.0,0.0,3.5355339059327378,0.0,0.0,0.0,1.0
475,320.0,0.0,0.0,2.5,0.0,0.0,0.0,90.50966799187809,0.0,0.0,3.5355339059327378,0.0,0.0,0.0,1.0
476,298.6666666666667,0.0,0.0,3.3333333333333335,0.0,0.0,0.0,73.90083445627211,0.0,0.0,3.0550504633038935,0.0,0.0,0.0,1.0
477,320.0,0.0,0.0,2.5,0.0,0.0,0.0,90.50966799187809,0.0,0.0,3.5355339059327378,0.0,0.0,0.0,1.0
478,320.0,0.0,0.0,3.0,0.0,0.0,0.0,90.50966799187809,0.0,0.0,4.242640687119285,0.0,0.0,0.0,1.0
479,320.0,0.0,0.0,2.0,0.0,0.0,0.0,90.50966799187809,0.0,0.0,2.8284271247461903,0.0,0.0,0.0,1.0
480,320.0,0.0,0.0,2.5,0.0,0.0,0.0,90.50966799187809,0.0,0.0,3.5355339059327378,0.0,0.0,0.0,1.0
481,320.0,0.0,0.0,2.5,0.0,0.0,0.0,90.50966799187809,0.0,0.0,3.5355339059327378,0.0,0.0,0.0,1.0
482,320.0,0.0,0.0,1.0,0.5,0.0,1.0,90.50966799187809,0.0,0.0,0.0,0.7071067811865476,0.0,1.4142135623730951,1.0
483,320.0,0.0,0.0,2.0,0.0,0.5,0.5,90.50966799187809,0.0,0.0,2.8284271247461903,0.0,0.7071067811865476,0.7071067811865476,1.0
484,320.0,0.0,0.0,3.5,0.5,0.0,0.5,90.50966799187809,0.0,0.0,4.949747468305833,0.7071067811865476,0.0,0.7071067811865476,1.0
485,320.0,0.0,0.0,2.5,0.0,0.0,0.0,90.50966799187809,0.0,0.0,3.5355339059327378,0.0,0.0,0.0,1.0
486,320.0,0.0,0.0,3.0,0.0,0.0,0.0,90.50966799187809,0.0,0.0,4.242640687119285,0.0,0.0,0.0,1.0
487,320.0,0.0,0.0,1.5,0.0,0.0,0.0,90.50966799187809,0.0,0.0,2.1213203435596424,0.0,0.0,0.0,1.0
488,320.0,0.0,0.0,1.5,0.0,0.0,0.0,90.50966799187809,0.0,0.0,2.1213203435596424,0.0,0.0,0.0,1.0
489,320.0,0.0,0.0,2.5,0.0,0.0,0.0,90.50966799187809,0.0,0.0,3.5355339059327378,0.0,0.0,0.0,1.0
490,320.0,0.0,0.0,3.0,0.0,0.0,0.0,90.50966799187809,0.0,0.0,4.242640687119285,0.0,0.0,0.0,1.0
491,320.0,0.0,0.0,3.0,0.0,0.0,0.0,90.50966799187809,0.0,0.0,4.242640687119285,0.0,0.0,0.0,1.0
492,320.0,0.0,0.0,2.5,0.0,0.0,0.0,90.50966799187809,0.0,0.0,3.5355339059327378,0.0,0.0,0.0,1.0
493,320.0,0.0,0.0,2.5,0.0,0.0,0.0,90.50966799187809,0.0,0.0,3.5355339059327378,0.0,0.0,0.0,1.0
494,320.0,0.0,0.0,3.5,0.0,0.0,0.0,90.50966799187809,0.0,0.0,4.949747468305833,0.0,0.0,0.0,1.0
495,320.0,0.0,0.0,3.0,0.0,0.0,0.0,90.50966799187809,0.0,0.0,4.242640687119285,0.0,0.0,0.0,1.0
496,320.0,0.0,0.0,2.5,0.0,0.0,0.0,90.50966799187809,0.0,0.0,3.5355339059327378,0.0,0.0,0.0,1.0
497,320.0,0.0,0.0,3.0,0.0,0.0,0.0,90.50966799187809,0.0,0.0,4.242640687119285,0.0,0.0,0.0,1.0
498,320.0,0.0,0.0,3.5,0.0,0.0,0.0,90.50966799187809,0.0,0.0,4.949747468305833,0.0,0.0,0.0,1.0
499,320.0,0.0,0.0,3.5,0.5,0.0,0.5,90.50966799187809,0.0,0.0,3.5355339059327378,0.7071067811865476,0.0,0.7071067811865476,1.0
500,320.0,0.0,0.0,2.5,0.0,0.0,0.0,90.50966799187809,0.0,0.0,3.5355339059327378,0.0,0.0,0.0,1.0
501,320.0,0.0,0.0,2.5,0.0,0.0,0.0,90.50966799187809,0.0,0.0,3.5355339059327378,0.0,0.0,0.0,1.0
502,320.0,0.0,0.0,3.0,0.0,0.0,0.0,90.50966799187809,0.0,0.0,4.242640687119285,0.0,0.0,0.0,1.0
503,325.0,0.0,0.0,2.0,0.5,0.0,0.5,97.58073580374356,0.0,0.0,2.8284271247461903,0.7071067811865476,0.0,0.7071067811865476,1.0
504,323.5,0.0,0.0,3.0,0.0,0.0,0.0,95.45941546018392,0.0,0.0,4.242640687119285,0.0,0.0,0.0,1.0
505,321.5,0.0,0.0,2.0,0.0,0.0,0.0,92.63098833543772,0.0,0.0,2.8284271247461903,0.0,0.0,0.0,1.0
506,320.0,0.0,0.0,3.0,0.0,0.0,0.0,90.50966799187809,0.0,0.0,4.242640687119285,0.0,0.0,0.0,1.0
507,320.0,0.0,0.0,3.0,0.0,0.0,0.0,90.50966799187809,0.0,0.0,4.242640687119285,0.0,0.0,0.0,1.0
508,320.0,0.0,0.0,2.5,0.0,0.0,0.0,90.50966799187809,0.0,0.0,3.5355339059327378,0.0,0.0,0.0,1.0
509,320.0,0.0,0.0,3.5,0.0,0.0,0.0,90.50966799187809,0.0,0.0,4.949747468305833,0.0,0.0,0.0,1.0
510,320.0,0.0,0.0,2.0,0.0,0.0,0.0,90.50966799187809,0.0,0.0,2.8284271247461903,0.0,0.0,0.0,1.0
511,320.0,0.0,0.0,3.0,0.0,0.5,1.0,90.50966799187809,0.0,0.0,4.242640687119285,0.0,0.7071067811865476,0.0,1.0
512,320.0,0.0,0.0,2.0,0.0,0.0,0.0,90.50966799187809,0.0,0.0,2.8284271247461903,0.0,0.0,0.0,1.0
513,320.0,0.0,0.0,3.0,0.0,0.0,0.0,90.50966799187809,0.0,0.0,4.242640687119285,0.0,0.0,0.0,1.0
514,320.0,0.0,0.0,2.0,0.5,0.0,0.5,90.50966799187809,0.0,0.0,1.4142135623730951,0.7071067811865476,0.0,0.7071067811865476,1.0
515,320.0,0.0,0.0,2.5,0.5,0.0,0.5,90.50966799187809,0.0,0.0,3.5355339059327378,0.7071067811865476,0.0,0.7071067811865476,1.0
516,320.0,0.0,0.0,2.0,0.0,0.0,0.0,90.50966799187809,0.0,0.0,2.8284271247461903,0.0,0.0,0.0,1.0
517,320.0,0.0,0.0,2.5,0.0,0.0,0.0,90.50966799187809,0.0,0.0,3.5355339059327378,0.0,0.0,0.0,1.0
518,320.0,0.0,0.0,3.0,0.0,0.0,0.0,90.50966799187809,0.0,0.0,4.242640687119285,0.0,0.0,0.0,1.0
519,320.0,0.0,0.0,3.0,0.0,0.0,0.0,90.50966799187809,0.0,0.0,4.242640687119285,0.0,0.0,0.0,1.0
520,320.0,0.0,0.0,3.5,0.0,0.0,0.0,90.50966799187809,0.0,0.0,4.949747468305833,0.0,0.0,0.0,1.0
521,320.0,0.0,0.0,2.5,0.0,0.0,0.0,90.50966799187809,0.0,0.0,3.5355339059327378,0.0,0.0,0.0,1.0
522,320.0,0.0,0.0,2.5,0.0,0.0,0.0,90.50966799187809,0.0,0.0,3.5355339059327378,0.0,0.0,0.0,1.0
523,320.0,0.0,0.0,2.5,0.0,0.0,0.0,90.50966799187809,0.0,0.0,3.5355339059327378,0.0,0.0,0.0,1.0
524,320.0,0.0,0.0,2.0,0.0,0.0,0.0,90.50966799187809,0.0,0.0,2.8284271247461903,0.0,0.0,0.0,1.0
525,320.0,0.0,0.0,0.5,0.0,0.0,0.0,90.50966799187809,0.0,0.0,0.7071067811865476,0.0,0.0,0.0,1.0
526,320.0,0.0,0.0,2.0,0.0,0.0,0.0,90.50966799187809,0.0,0.0,2.8284271247461903,0.0,0.0,0.0,1.0
527,320.0,0.0,0.0,2.5,0.0,0.0,0.0,90.50966799187809,0.0,0.0,3.5355339059327378,0.0,0.0,0.0,1.0
528,320.0,0.0,0.0,2.5,0.0,0.0,0.0,90.50966799187809,0.0,0.0,3.5355339059327378,0.0,0.0,0.0,1.0
529,320.0,0.0,0.0,2.0,0.0,0.0,0.0,90.50966799187809,0.0,0.0,2.8284271247461903,0.0,0.0,0.0,1.0
530,320.0,0.0,0.0,2.5,0.0,0.0,0.0,90.50966799187809,0.0,0.0,3.5355339059327378,0.0,0.0,0.0,1.0
531,320.0,0.0,0.0,3.5,0.0,0.0,0.0,90.50966799187809,0.0,0.0,4.949747468305833,0.0,0.0,0.0,1.0
532,320.0,0.0,0.0,3.0,0.0,0.0,0.0,90.50966799187809,0.0,0.0,4.242640687119285,0.0,0.0,0.0,1.0
533,320.0,0.0,0.0,2.5,0.0,0.0,0.0,90.50966799187809,0.0,0.0,3.5355339059327378,0.0,0.0,0.0,1.0
534,320.0,0.0,0.0,2.5,0.0,0.0,0.0,90.50966799187809,0.0,0.0,3.5355339059327378,0.0,0.0,0.0,1.0
535,320.0,0.0,0.0,3.0,0.0,0.0,0.0,90.50966799187809,0.0,0.0,4.242640687119285,0.0,0.0,0.0,1.0
536,320.0,0.0,0.0,2.5,0.5,0.0,0.5,90.50966799187809,0.0,0.0,2.1213203435596424,0.7071067811865476,0.0,0.7071067811865476,1.0
537,320.0,0.0,0.0,3.0,0.0,0.0,0.0,90.50966799187809,0.0,0.0,4.242640687119285,0.0,0.0,0.0,1.0
538,320.0,0.0,0.0,3.0,0.0,0.0,0.0,90.50966799187809,0.0,0.0,4.242640687119285,0.0,0.0,0.0,1.0
539,320.0,0.0,0.0,2.5,0.0,0.0,0.0,90.50966799187809,0.0,0.0,3.5355339059327378,0.0,0.0,0.0,1.0
540,320.0,0.0,0.0,3.0,0.5,0.5,1.5,90.50966799187809,0.0,0.0,4.242640687119285,0.7071067811865476,0.7071067811865476,0.7071067811865476,1.0
541,320.0,0.0,0.0,1.0,0.0,0.0,0.0,90.50966799187809,0.0,0.0,1.4142135623730951,0.0,0.0,0.0,1.0
542,320.0,0.0,0.0,3.0,0.0,0.0,0.0,90.50966799187809,0.0,0.0,4.242640687119285,0.0,0.0,0.0,1.0
543,320.0,0.0,0.0,2.5,0.0,0.0,0.0,90.50966799187809,0.0,0.0,3.5355339059327378,0.0,0.0,0.0,1.0
544,320.0,0.0,0.0,3.0,0.0,0.0,0.0,90.50966799187809,0.0,0.0,4.242640687119285,0.0,0.0,0.0,1.0
545,320.0,0.0,0.0,2.5,0.0,0.0,0.0,90.50966799187809,0.0,0.0,3.5355339059327378,0.0,0.0,0.0,1.0
546,320.0,0.0,0.0,2.5,0.0,0.0,0.0,90.50966799187809,0.0,0.0,3.5355339059327378,0.0,0.0,0.0,1.0
547,320.0,0.0,0.0,2.5,0.0,0.0,0.0,90.50966799187809,0.0,0.0,3.5355339059327378,0.0,0.0,0.0,1.0
548,320.0,0.0,0.0,2.5,0.0,0.0,0.0,90.50966799187809,0.0,0.0,3.5355339059327378,0.0,0.0,0.0,1.0
549,320.0,0.0,0.0,2.5,0.0,0.0,0.0,90.50966799187809,0.0,0.0,3.5355339059327378,0.0,0.0,0.0,1.0
550,320.0,0.0,0.0,3.0,0.0,0.0,0.0,90.50966799187809,0.0,0.0,4.242640687119285,0.0,0.0,0.0,1.0
551,326.0,0.0,0.0,2.0,0.0,0.0,0.0,82.02438661763951,0.0,0.0,2.8284271247461903,0.0,0.0,0.0,1.0
552,321.5,0.0,0.0,2.5,0.0,0.0,0.0,88.38834764831844,0.0,0.0,3.5355339059327378,0.0,0.0,0.0,1.0
553,320.0,0.0,0.0,3.5,0.5,0.0,0.5,90.50966799187809,0.0,0.0,3.5355339059327378,0.7071067811865476,0.0,0.7071067811865476,1.0
554,320.0,0.0,0.0,2.5,0.0,0.0,0.0,90.50966799187809,0.0,0.0,3.5355339059327378,0.0,0.0,0.0,1.0
555,320.0,0.0,0.0,3.5,0.5,0.0,0.5,90.50966799187809,0.0,0.0,4.949747468305833,0.7071067811865476,0.0,0.7071067811865476,1.0
556,320.0,0.0,0.0,2.5,0.0,0.0,0.0,90.50966799187809,0.0,0.0,3.5355339059327378,0.0,0.0,0.0,1.0
557,320.0,0.0,0.0,2.5,0.0,0.0,0.0,90.50966799187809,0.0,0.0,3.5355339059327378,0.0,0.0,0.0,1.0
558,320.0,0.0,0.0,2.5,0.0,0.0,0.0,90.50966799187809,0.0,0.0,3.5355339059327378,0.0,0.0,0.0,1.0
559,320.0,0.0,0.0,2.0,0.0,0.0,0.0,90.50966799187809,0.0,0.0,2.8284271247461903,0.0,0.0,0.0,1.0
560,320.0,0.0,0.0,2.5,0.0,0.0,0.0,90.50966799187809,0.0,0.0,3.5355339059327378,0.0,0.0,0.0,1.0
561,320.0,0.0,0.0,3.0,0.0,0.0,0.0,90.50966799187809,0.0,0.0,4.242640687119285,0.0,0.0,0.0,1.0
562,320.0,0.0,0.0,3.0,0.0,0.0,0.0,90.50966799187809,0.0,0.0,4.242640687119285,0.0,0.0,0.0,1.0
563,320.0,0.0,0.0,3.0,0.0,0.0,0.0,90.50966799187809,0.0,0.0,4.242640687119285,0.0,0.0,0.0,1.0
564,320.0,0.0,0.0,3.0,0.0,0.0,0.0,90.50966799187809,0.0,0.0,4.242640687119285,0.0,0.0,0.0,1.0
565,325.0,0.0,0.0,3.0,0.0,0.0,0.0,83.43860018001261,0.0,0.0,4.242640687119285,0.0,0.0,0.0,1.0
566,322.5,0.0,0.0,2.5,0.0,0.0,0.0,86.97413408594535,0.0,0.0,3.5355339059327378,0.0,0.0,0.0,1.0
567,320.0,0.0,0.0,1.5,0.0,0.0,0.0,90.50966799187809,0.0,0.0,2.1213203435596424,0.0,0.0,0.0,1.0
568,320.0,0.0,0.0,2.5,0.5,0.5,1.5,90.50966799187809,0.0,0.0,2.1213203435596424,0.7071067811865476,0.7071067811865476,0.7071067811865476,1.0
569,320.0,0.0,0.0,3.5,0.0,0.0,0.0,90.50966799187809,0.0,0.0,4.949747468305833,0.0,0.0,0.0,1.0
570,320.0,0.0,0.0,2.5,0.0,0.0,0.0,90.50966799187809,0.0,0.0,3.5355339059327378,0.0,0.0,0.0,1.0
571,320.0,0.0,0.0,3.0,0.0,0.0,0.0,90.50966799187809,0.0,0.0,4.242640687119285,0.0,0.0,0.0,1.0
572,320.0,0.0,0.0,3.5,0.0,0.0,0.0,90.50966799187809,0.0,0.0,4.949747468305833,0.0,0.0,0.0,1.0
573,320.0,0.0,0.0,3.0,0.5,0.0,0.5,90.50966799187809,0.0,0.0,4.242640687119285,0.7071067811865476,0.0,0.7071067811865476,1.0
574,320.0,0.0,0.0,3.0,0.0,0.0,0.0,90.50966799187809,0.0,0.0,4.242640687119285,0.0,0.0,0.0,1.0
575,320.0,0.0,0.0,2.5,0.0,0.0,0.0,90.50966799187809,0.0,0.0,3.5355339059327378,0.0,0.0,0.0,1.0
576,320.0,0.0,0.0,2.5,0.0,0.0,0.0,90.50966799187809,0.0,0.0,3.5355339059327378,0.0,0.0,0.0,1.0
577,320.0,0.0,0.0,3.0,0.0,0.0,0.0,90.50966799187809,0.0,0.0,4.242640687119285,0.0,0.0,0.0,1.0
578,320.0,0.0,0.0,3.0,0.0,0.0,0.0,90.50966799187809,0.0,0.0,4.242640687119285,0.0,0.0,0.0,1.0
579,320.0,0.0,0.0,2.5,0.0,0.0,0.0,90.50966799187809,0.0,0.0,3.5355339059327378,0.0,0.0,0.0,1.0
580,320.0,0.0,0.0,3.0,0.0,0.0,0.0,90.50966799187809,0.0,0.0,4.242640687119285,0.0,0.0,0.0,1.0
581,320.0,0.0,0.0,2.5,0.0,0.0,0.0,90.50966799187809,0.0,0.0,3.5355339059327378,0.0,0.0,0.0,1.0
582,320.0,0.0,0.0,3.5,0.0,0.0,0.0,90.50966799187809,0.0,0.0,4.949747468305833,0.0,0.0,0.0,1.0
583,384.0,0.0,0.0,0.0,0.0,0.0,0.0,,,,,,,,1.0
584,298.6666666666667,0.0,0.0,4.0,0.0,0.0,0.0,73.90083445627211,0.0,0.0,3.4641016151377544,0.0,0.0,0.0,1.0
585,320.0,0.0,0.0,2.5,0.0,0.0,0.0,90.50966799187809,0.0,0.0,3.5355339059327378,0.0,0.0,0.0,1.0
586,320.0,0.0,0.0,2.5,0.0,0.0,0.0,90.50966799187809,0.0,0.0,3.5355339059327378,0.0,0.0,0.0,1.0
587,320.0,0.0,0.0,3.0,0.0,0.0,0.0,90.50966799187809,0.0,0.0,4.242640687119285,0.0,0.0,0.0,1.0
588,320.0,0.0,0.0,2.0,0.0,0.0,0.0,90.50966799187809,0.0,0.0,2.8284271247461903,0.0,0.0,0.0,1.0
589,320.0,0.0,0.0,0.5,0.0,0.0,0.0,90.50966799187809,0.0,0.0,0.7071067811865476,0.0,0.0,0.0,1.0
590,320.0,0.0,0.0,2.5,0.0,0.0,0.0,90.50966799187809,0.0,0.0,3.5355339059327378,0.0,0.0,0.0,1.0
591,320.0,0.0,0.0,2.0,0.0,0.0,0.0,90.50966799187809,0.0,0.0,2.8284271247461903,0.0,0.0,0.0,1.0
592,320.0,0.0,0.0,3.5,1.0,0.0,1.0,90.50966799187809,0.0,0.0,3.5355339059327378,0.0,0.0,0.0,1.0
593,320.0,0.0,0.0,2.5,0.0,0.0,0.0,90.50966799187809,0.0,0.0,3.5355339059327378,0.0,0.0,0.0,1.0
594,320.0,0.0,0.0,2.0,0.0,0.0,0.0,90.50966799187809,0.0,0.0,2.8284271247461903,0.0,0.0,0.0,1.0
595,320.0,0.0,0.0,3.0,0.0,0.0,0.0,90.50966799187809,0.0,0.0,4.242640687119285,0.0,0.0,0.0,1.0
596,320.0,0.0,0.0,3.0,0.0,0.0,0.0,90.50966799187809,0.0,0.0,4.242640687119285,0.0,0.0,0.0,1.0
597,256.0,0.0,0.0,5.0,0.0,1.0,1.0,,,,,,,,1.0
598,341.3333333333333,0.0,0.0,2.3333333333333335,0.0,0.0,0.3333333333333333,73.90083445627211,0.0,0.0,4.041451884327381,0.0,0.0,0.5773502691896258,1.0
599,320.0,0.0,0.0,3.0,0.0,0.0,0.0,90.50966799187809,0.0,0.0,4.242640687119285,0.0,0.0,0.0,1.0
600,320.0,0.0,0.0,1.0,0.0,0.0,0.0,90.50966799187809,0.0,0.0,1.4142135623730951,0.0,0.0,0.0,1.0
601,320.0,0.0,0.0,2.5,0.0,0.0,0.0,90.50966799187809,0.0,0.0,3.5355339059327378,0.0,0.0,0.0,1.0
602,320.0,0.0,0.0,3.5,0.0,0.0,0.0,90.50966799187809,0.0,0.0,4.949747468305833,0.0,0.0,0.0,1.0
603,320.0,0.0,0.0,3.0,0.0,0.0,0.0,90.50966799187809,0.0,0.0,4.242640687119285,0.0,0.0,0.0,1.0
604,320.0,0.0,0.0,3.5,0.5,0.0,0.5,90.50966799187809,0.0,0.0,3.5355339059327378,0.7071067811865476,0.0,0.7071067811865476,1.0
605,320.0,0.0,0.0,3.0,0.0,0.0,0.0,90.50966799187809,0.0,0.0,4.242640687119285,0.0,0.0,0.0,1.0
606,320.0,0.0,0.0,2.0,0.0,0.0,0.0,90.50966799187809,0.0,0.0,2.8284271247461903,0.0,0.0,0.0,1.0
607,320.0,0.0,0.0,2.5,0.0,0.0,0.0,90.50966799187809,0.0,0.0,3.5355339059327378,0.0,0.0,0.0,1.0
608,320.0,0.0,0.0,3.5,0.0,0.0,0.0,90.50966799187809,0.0,0.0,4.949747468305833,0.0,0.0,0.0,1.0
609,320.0,0.0,0.0,2.0,0.0,0.0,0.0,90.50966799187809,0.0,0.0,2.8284271247461903,0.0,0.0,0.0,1.0
610,320.0,0.0,0.0,2.5,0.5,0.0,0.5,90.50966799187809,0.0,0.0,3.5355339059327378,0.7071067811865476,0.0,0.7071067811865476,1.0
611,320.0,0.0,0.0,0.0,0.0,0.0,0.0,90.50966799187809,0.0,0.0,0.0,0.0,0.0,0.0,1.0
612,320.0,0.0,0.0,3.5,0.0,0.0,0.0,90.50966799187809,0.0,0.0,4.949747468305833,0.0,0.0,0.0,1.0
613,320.0,0.0,0.0,3.0,0.0,0.0,0.0,90.50966799187809,0.0,0.0,4.242640687119285,0.0,0.0,0.0,1.0
614,320.0,0.0,0.0,2.0,0.0,0.0,0.0,90.50966799187809,0.0,0.0,2.8284271247461903,0.0,0.0,0.0,1.0
615,320.0,0.0,0.0,3.0,0.0,0.0,0.0,90.50966799187809,0.0,0.0,4.242640687119285,0.0,0.0,0.0,1.0
616,320.0,0.0,0.0,0.5,0.0,0.0,0.0,90.50966799187809,0.0,0.0,0.7071067811865476,0.0,0.0,0.0,1.0
617,320.0,0.0,0.0,2.0,0.0,0.0,0.0,90.50966799187809,0.0,0.0,2.8284271247461903,0.0,0.0,0.0,1.0
618,320.0,0.0,0.0,2.5,0.0,0.0,0.0,90.50966799187809,0.0,0.0,3.5355339059327378,0.0,0.0,0.0,1.0
619,320.0,0.0,0.0,3.5,0.0,0.0,0.0,90.50966799187809,0.0,0.0,4.949747468305833,0.0,0.0,0.0,1.0
620,320.0,0.0,0.0,3.0,0.0,0.0,0.0,90.50966799187809,0.0,0.0,4.242640687119285,0.0,0.0,0.0,1.0
621,320.0,0.0,0.0,3.5,0.0,0.0,0.0,90.50966799187809,0.0,0.0,4.949747468305833,0.0,0.0,0.0,1.0
622,320.0,0.0,0.0,3.0,0.0,0.0,0.0,90.50966799187809,0.0,0.0,4.242640687119285,0.0,0.0,0.0,1.0
623,320.0,0.0,0.0,2.0,0.0,0.0,0.0,90.50966799187809,0.0,0.0,2.8284271247461903,0.0,0.0,0.0,1.0
624,320.0,0.0,0.0,3.5,0.0,0.0,0.0,90.50966799187809,0.0,0.0,4.949747468305833,0.0,0.0,0.0,1.0
625,320.0,0.0,0.0,3.0,1.0,0.0,1.5,90.50966799187809,0.0,0.0,2.8284271247461903,0.0,0.0,0.7071067811865476,1.0
626,320.0,0.0,0.0,3.0,0.0,0.5,0.5,90.50966799187809,0.0,0.0,4.242640687119285,0.0,0.7071067811865476,0.7071067811865476,1.0
627,320.0,0.0,0.0,3.0,0.0,0.0,0.0,90.50966799187809,0.0,0.0,4.242640687119285,0.0,0.0,0.0,1.0
628,320.0,0.0,0.0,3.0,0.0,0.0,0.0,90.50966799187809,0.0,0.0,4.242640687119285,0.0,0.0,0.0,1.0
629,384.0,0.0,0.0,0.0,0.0,0.0,0.0,,,,,,,,1.0
630,320.0,0.0,0.0,2.5,0.0,0.0,0.0,90.50966799187809,0.0,0.0,3.5355339059327378,0.0,0.0,0.0,1.0
631,320.0,0.0,0.0,3.5,0.0,0.0,0.0,90.50966799187809,0.0,0.0,4.949747468305833,0.0,0.0,0.0,1.0
632,320.0,0.0,0.0,2.5,0.0,0.0,0.0,90.50966799187809,0.0,0.0,3.5355339059327378,0.0,0.0,0.0,1.0
633,320.0,0.0,0.0,2.5,0.0,0.0,0.0,90.50966799187809,0.0,0.0,3.5355339059327378,0.0,0.0,0.0,1.0
634,320.0,0.0,0.0,3.0,0.0,0.0,0.0,90.50966799187809,0.0,0.0,4.242640687119285,0.0,0.0,0.0,1.0
635,320.0,0.0,0.0,2.5,0.0,0.0,0.0,90.50966799187809,0.0,0.0,3.5355339059327378,0.0,0.0,0.0,1.0
636,320.0,0.0,0.0,4.0,0.0,0.0,0.0,90.50966799187809,0.0,0.0,5.656854249492381,0.0,0.0,0.0,1.0
637,320.0,0.0,0.0,3.5,0.5,0.0,0.5,90.50966799187809,0.0,0.0,4.949747468305833,0.7071067811865476,0.0,0.7071067811865476,1.0
638,320.0,0.0,0.0,4.0,0.0,0.0,0.0,90.50966799187809,0.0,0.0,5.656854249492381,0.0,0.0,0.0,1.0
639,320.0,0.0,0.0,3.5,0.0,0.0,0.0,90.50966799187809,0.0,0.0,4.949747468305833,0.0,0.0,0.0,1.0
640,320.0,0.0,0.0,2.0,0.0,0.0,0.0,90.50966799187809,0.0,0.0,2.8284271247461903,0.0,0.0,0.0,1.0
641,320.0,0.0,0.0,3.0,0.0,0.0,0.0,90.50966799187809,0.0,0.0,4.242640687119285,0.0,0.0,0.0,1.0
642,320.0,0.0,0.0,3.0,0.0,0.0,0.0,90.50966799187809,0.0,0.0,2.8284271247461903,0.0,0.0,0.0,1.0
643,320.0,0.0,0.0,2.5,0.5,0.0,0.5,90.50966799187809,0.0,0.0,3.5355339059327378,0.7071067811865476,0.0,0.7071067811865476,1.0
644,320.0,0.0,0.0,2.5,0.0,0.0,0.0,90.50966799187809,0.0,0.0,3.5355339059327378,0.0,0.0,0.0,1.0
645,320.0,0.0,0.0,3.0,0.0,0.0,0.0,90.50966799187809,0.0,0.0,4.242640687119285,0.0,0.0,0.0,1.0
646,320.0,0.0,0.0,3.5,0.0,0.0,0.0,90.50966799187809,0.0,0.0,4.949747468305833,0.0,0.0,0.0,1.0
647,320.0,0.0,0.0,3.0,0.0,0.0,0.0,90.50966799187809,0.0,0.0,4.242640687119285,0.0,0.0,0.0,1.0
648,320.0,0.0,0.0,3.0,0.0,0.0,0.0,90.50966799187809,0.0,0.0,4.242640687119285,0.0,0.0,0.0,1.0
649,320.0,0.0,0.0,3.0,0.0,0.0,0.0,90.50966799187809,0.0,0.0,4.242640687119285,0.0,0.0,0.0,1.0
650,320.0,0.0,0.0,2.5,0.0,0.0,0.0,90.50966799187809,0.0,0.0,3.5355339059327378,0.0,0.0,0.0,1.0
651,320.0,0.0,0.0,3.0,0.0,0.0,0.0,90.50966799187809,0.0,0.0,4.242640687119285,0.0,0.0,0.0,1.0
652,320.0,0.0,0.0,2.5,0.0,0.0,0.0,90.50966799187809,0.0,0.0,3.5355339059327378,0.0,0.0,0.0,1.0
653,320.0,0.0,0.0,2.5,0.0,0.0,0.0,90.50966799187809,0.0,0.0,3.5355339059327378,0.0,0.0,0.0,1.0
654,320.0,0.0,0.0,1.5,0.0,0.0,0.5,90.50966799187809,0.0,0.0,2.1213203435596424,0.0,0.0,0.7071067811865476,1.0
655,320.0,0.0,0.0,0.5,0.0,0.5,0.5,90.50966799187809,0.0,0.0,0.7071067811865476,0.0,0.7071067811865476,0.7071067811865476,1.0
656,320.0,0.0,0.0,2.5,0.0,0.0,0.0,90.50966799187809,0.0,0.0,3.5355339059327378,0.0,0.0,0.0,1.0
657,320.0,0.0,0.0,3.5,0.0,0.0,0.0,90.50966799187809,0.0,0.0,4.949747468305833,0.0,0.0,0.0,1.0
658,320.0,0.0,0.0,2.0,0.0,0.0,0.0,90.50966799187809,0.0,0.0,2.8284271247461903,0.0,0.0,0.0,1.0
659,320.0,0.0,0.0,3.0,0.0,0.0,0.0,90.50966799187809,0.0,0.0,4.242640687119285,0.0,0.0,0.0,1.0
660,320.0,0.0,0.0,3.5,0.0,0.0,0.0,90.50966799187809,0.0,0.0,3.5355339059327378,0.0,0.0,0.0,1.0
661,320.0,0.0,0.0,2.5,1.0,0.0,1.0,90.50966799187809,0.0,0.0,3.5355339059327378,0.0,0.0,0.0,1.0
662,320.0,0.0,0.0,3.0,0.0,0.0,0.0,90.50966799187809,0.0,0.0,4.242640687119285,0.0,0.0,0.0,1.0
663,320.0,0.0,0.0,2.5,0.0,0.0,0.0,90.50966799187809,0.0,0.0,3.5355339059327378,0.0,0.0,0.0,1.0
664,320.0,0.0,0.0,3.0,0.0,0.0,0.0,90.50966799187809,0.0,0.0,4.242640687119285,0.0,0.0,0.0,1.0
665,320.0,0.0,0.0,3.0,0.0,0.0,0.0,90.50966799187809,0.0,0.0,4.242640687119285,0.0,0.0,0.0,1.0
666,320.0,0.0,0.0,2.5,0.0,0.0,0.0,90.50966799187809,0.0,0.0,3.5355339059327378,0.0,0.0,0.0,1.0
667,320.0,0.0,0.0,3.0,0.0,0.0,0.0,90.50966799187809,0.0,0.0,4.242640687119285,0.0,0.0,0.0,1.0
668,320.0,0.0,0.0,2.0,0.0,0.0,0.0,90.50966799187809,0.0,0.0,2.8284271247461903,0.0,0.0,0.0,1.0
669,320.0,0.0,0.0,2.5,0.0,0.0,0.0,90.50966799187809,0.0,0.0,3.5355339059327378,0.0,0.0,0.0,1.0
670,320.0,0.0,0.0,2.5,0.0,0.0,0.0,90.50966799187809,0.0,0.0,3.5355339059327378,0.0,0.0,0.0,1.0
671,320.0,0.0,0.0,2.5,0.0,0.0,0.0,90.50966799187809,0.0,0.0,3.5355339059327378,0.0,0.0,0.0,1.0
672,320.0,0.0,0.0,2.0,0.0,0.0,0.0,90.50966799187809,0.0,0.0,2.8284271247461903,0.0,0.0,0.0,1.0
673,320.0,0.0,0.0,2.5,0.5,0.0,0.5,90.50966799187809,0.0,0.0,3.5355339059327378,0.7071067811865476,0.0,0.7071067811865476,1.0
674,320.0,0.0,0.0,4.5,0.0,0.0,0.0,90.50966799187809,0.0,0.0,4.949747468305833,0.0,0.0,0.0,1.0
675,320.0,0.0,0.0,2.5,0.5,0.0,0.5,90.50966799187809,0.0,0.0,3.5355339059327378,0.7071067811865476,0.0,0.7071067811865476,1.0
676,320.0,0.0,0.0,1.0,0.0,0.0,0.0,90.50966799187809,0.0,0.0,1.4142135623730951,0.0,0.0,0.0,1.0
677,320.0,0.0,0.0,2.5,0.0,0.0,0.0,90.50966799187809,0.0,0.0,3.5355339059327378,0.0,0.0,0.0,1.0
678,320.0,0.0,0.0,2.0,0.0,0.0,0.0,90.50966799187809,0.0,0.0,2.8284271247461903,0.0,0.0,0.0,1.0
679,320.0,0.0,0.0,2.5,0.0,0.0,0.0,90.50966799187809,0.0,0.0,3.5355339059327378,0.0,0.0,0.0,1.0
680,320.0,0.0,0.0,2.5,0.0,0.0,0.0,90.50966799187809,0.0,0.0,3.5355339059327378,0.0,0.0,0.0,1.0
681,320.0,0.0,0.0,3.0,0.0,0.0,0.0,90.50966799187809,0.0,0.0,4.242640687119285,0.0,0.0,0.0,1.0
682,320.0,0.0,0.0,3.5,0.0,0.0,0.5,90.50966799187809,0.0,0.0,4.949747468305833,0.0,0.0,0.7071067811865476,1.0
683,320.0,0.0,0.0,2.5,0.0,0.5,0.5,90.50966799187809,0.0,0.0,3.5355339059327378,0.0,0.7071067811865476,0.7071067811865476,1.0
684,320.0,0.0,0.0,3.5,0.0,0.0,0.0,90.50966799187809,0.0,0.0,4.949747468305833,0.0,0.0,0.0,1.0
685,320.0,0.0,0.0,3.0,0.0,0.0,0.0,90.50966799187809,0.0,0.0,4.242640687119285,0.0,0.0,0.0,1.0
686,320.0,0.0,0.0,3.5,0.0,0.0,0.0,90.50966799187809,0.0,0.0,4.949747468305833,0.0,0.0,0.0,1.0
687,320.0,0.0,0.0,3.0,0.0,0.0,0.0,90.50966799187809,0.0,0.0,4.242640687119285,0.0,0.0,0.0,1.0
688,320.0,0.0,0.0,2.0,0.0,0.0,0.0,90.50966799187809,0.0,0.0,2.8284271247461903,0.0,0.0,0.0,1.0
689,320.0,0.0,0.0,2.0,0.5,0.0,0.5,90.50966799187809,0.0,0.0,2.8284271247461903,0.7071067811865476,0.0,0.7071067811865476,1.0
690,320.0,0.0,0.0,3.5,0.0,0.0,0.0,90.50966799187809,0.0,0.0,4.949747468305833,0.0,0.0,0.0,1.0
691,320.0,0.0,0.0,3.0,0.0,0.0,0.0,90.50966799187809,0.0,0.0,2.8284271247461903,0.0,0.0,0.0,1.0
692,320.0,0.0,0.0,3.5,0.5,0.0,0.5,90.50966799187809,0.0,0.0,4.949747468305833,0.7071067811865476,0.0,0.7071067811865476,1.0
693,320.0,0.0,0.0,2.5,0.0,0.0,0.0,90.50966799187809,0.0,0.0,3.5355339059327378,0.0,0.0,0.0,1.0
694,320.0,0.0,0.0,2.5,0.0,0.0,0.0,90.50966799187809,0.0,0.0,3.5355339059327378,0.0,0.0,0.0,1.0
695,320.0,0.0,0.0,3.5,0.0,0.0,0.0,90.50966799187809,0.0,0.0,4.949747468305833,0.0,0.0,0.0,1.0
696,320.0,0.0,0.0,3.0,0.0,0.0,0.0,90.50966799187809,0.0,0.0,4.242640687119285,0.0,0.0,0.0,1.0
697,320.0,0.0,0.0,2.5,0.0,0.0,0.0,90.50966799187809,0.0,0.0,3.5355339059327378,0.0,0.0,0.0,1.0
698,320.0,0.0,0.0,2.5,0.0,0.0,0.0,90.50966799187809,0.0,0.0,3.5355339059327378,0.0,0.0,0.0,1.0
699,320.0,0.0,0.0,3.5,0.0,0.0,0.0,90.50966799187809,0.0,0.0,4.949747468305833,0.0,0.0,0.0,1.0
700,320.0,0.0,0.0,2.5,0.0,0.0,0.0,90.50966799187809,0.0,0.0,3.5355339059327378,0.0,0.0,0.0,1.0
701,320.0,0.0,0.0,2.5,0.0,0.0,0.0,90.50966799187809,0.0,0.0,3.5355339059327378,0.0,0.0,0.0,1.0
702,320.0,0.0,0.0,2.5,0.0,0.0,0.0,90.50966799187809,0.0,0.0,3.5355339059327378,0.0,0.0,0.0,1.0
703,320.0,0.0,0.0,2.5,0.0,0.0,0.0,90.50966799187809,0.0,0.0,3.5355339059327378,0.0,0.0,0.0,1.0
704,320.0,0.0,0.0,2.5,0.0,0.0,0.0,90.50966799187809,0.0,0.0,3.5355339059327378,0.0,0.0,0.0,1.0
705,320.0,0.0,0.0,3.0,0.0,0.0,0.0,90.50966799187809,0.0,0.0,4.242640687119285,0.0,0.0,0.0,1.0
706,320.0,0.0,0.0,3.5,0.0,0.0,0.0,90.50966799187809,0.0,0.0,4.949747468305833,0.0,0.0,0.0,1.0
707,320.0,0.0,0.0,2.5,0.0,0.0,0.0,90.50966799187809,0.0,0.0,3.5355339059327378,0.0,0.0,0.0,1.0
708,320.0,0.0,0.0,2.5,0.0,0.0,0.0,90.50966799187809,0.0,0.0,3.5355339059327378,0.0,0.0,0.0,1.0
709,320.0,0.0,0.0,3.0,0.0,0.0,0.0,90.50966799187809,0.0,0.0,4.242640687119285,0.0,0.0,0.0,1.0
710,320.0,0.0,0.0,3.0,0.5,0.0,0.5,90.50966799187809,0.0,0.0,4.242640687119285,0.7071067811865476,0.0,0.7071067811865476,1.0
711,320.0,0.0,0.0,3.0,0.0,0.0,1.0,90.50966799187809,0.0,0.0,4.242640687119285,0.0,0.0,0.0,1.0
712,320.0,0.0,0.0,4.0,0.0,0.5,0.0,90.50966799187809,0.0,0.0,4.242640687119285,0.0,0.7071067811865476,0.0,1.0
713,320.0,0.0,0.0,2.0,0.5,0.0,0.5,90.50966799187809,0.0,0.0,2.8284271247461903,0.7071067811865476,0.0,0.7071067811865476,1.0
714,320.0,0.0,0.0,2.5,0.0,0.0,0.0,90.50966799187809,0.0,0.0,3.5355339059327378,0.0,0.0,0.0,1.0
715,320.0,0.0,0.0,3.5,0.0,0.0,0.0,90.50966799187809,0.0,0.0,4.949747468305833,0.0,0.0,0.0,1.0
716,320.0,0.0,0.0,3.0,0.0,0.0,0.0,90.50966799187809,0.0,0.0,4.242640687119285,0.0,0.0,0.0,1.0
717,320.0,0.0,0.0,2.5,0.0,0.0,0.0,90.50966799187809,0.0,0.0,3.5355339059327378,0.0,0.0,0.0,1.0
718,320.0,0.0,0.0,3.5,0.0,0.0,0.0,90.50966799187809,0.0,0.0,4.949747468305833,0.0,0.0,0.0,1.0
719,320.0,0.0,0.0,2.0,0.0,0.0,0.0,90.50966799187809,0.0,0.0,2.8284271247461903,0.0,0.0,0.0,1.0
720,320.0,0.0,0.0,2.5,0.0,0.0,0.0,90.50966799187809,0.0,0.0,3.5355339059327378,0.0,0.0,0.0,1.0
721,320.0,0.0,0.0,3.5,0.0,0.0,0.0,90.50966799187809,0.0,0.0,4.949747468305833,0.0,0.0,0.0,1.0
722,320.0,0.0,0.0,3.0,0.0,0.0,0.0,90.50966799187809,0.0,0.0,4.242640687119285,0.0,0.0,0.0,1.0
723,320.0,0.0,0.0,2.0,0.0,0.0,0.0,90.50966799187809,0.0,0.0,2.8284271247461903,0.0,0.0,0.0,1.0
724,320.0,0.0,0.0,2.5,0.0,0.0,0.0,90.50966799187809,0.0,0.0,3.5355339059327378,0.0,0.0,0.0,1.0
725,320.0,0.0,0.0,3.0,0.0,0.0,0.0,90.50966799187809,0.0,0.0,4.242640687119285,0.0,0.0,0.0,1.0
726,320.0,0.0,0.0,3.0,0.0,0.0,0.0,90.50966799187809,0.0,0.0,4.242640687119285,0.0,0.0,0.0,1.0
727,320.0,0.0,0.0,2.0,0.0,0.0,0.0,90.50966799187809,0.0,0.0,2.8284271247461903,0.0,0.0,0.0,1.0
728,320.0,0.0,0.0,2.5,0.0,0.0,0.0,90.50966799187809,0.0,0.0,3.5355339059327378,0.0,0.0,0.0,1.0
729,320.0,0.0,0.0,3.5,0.0,0.0,0.0,90.50966799187809,0.0,0.0,4.949747468305833,0.0,0.0,0.0,1.0
730,320.0,0.0,0.0,1.5,0.0,0.0,0.0,90.50966799187809,0.0,0.0,2.1213203435596424,0.0,0.0,0.0,1.0
731,320.0,0.0,0.0,3.0,0.5,0.0,0.5,90.50966799187809,0.0,0.0,2.8284271247461903,0.7071067811865476,0.0,0.7071067811865476,1.0
732,320.0,0.0,0.0,3.0,0.5,0.0,0.5,90.50966799187809,0.0,0.0,4.242640687119285,0.7071067811865476,0.0,0.7071067811865476,1.0
733,320.0,0.0,0.0,3.0,0.0,0.0,0.0,90.50966799187809,0.0,0.0,4.242640687119285,0.0,0.0,0.0,1.0
734,320.0,0.0,0.0,3.5,0.0,0.0,0.0,90.50966799187809,0.0,0.0,4.949747468305833,0.0,0.0,0.0,1.0
735,320.0,0.0,0.0,2.5,0.0,0.0,0.0,90.50966799187809,0.0,0.0,3.5355339059327378,0.0,0.0,0.0,1.0
736,320.0,0.0,0.0,3.0,0.0,0.0,0.0,90.50966799187809,0.0,0.0,4.242640687119285,0.0,0.0,0.0,1.0
737,320.0,0.0,0.0,3.0,0.0,0.0,0.0,90.50966799187809,0.0,0.0,4.242640687119285,0.0,0.0,0.0,1.0
738,320.0,0.0,0.0,2.5,0.0,0.0,0.0,90.50966799187809,0.0,0.0,3.5355339059327378,0.0,0.0,0.0,1.0
739,320.0,0.0,0.0,2.0,0.0,0.0,0.0,90.50966799187809,0.0,0.0,2.8284271247461903,0.0,0.0,0.0,1.0
740,320.0,0.0,0.0,2.5,0.0,0.0,1.0,90.50966799187809,0.0,0.0,3.5355339059327378,0.0,0.0,0.0,1.0
741,320.0,0.0,0.0,2.5,0.0,0.5,0.0,90.50966799187809,0.0,0.0,3.5355339059327378,0.0,0.7071067811865476,0.0,1.0
742,320.0,0.0,0.0,3.5,0.0,0.0,0.0,90.50966799187809,0.0,0.0,3.5355339059327378,0.0,0.0,0.0,1.0
743,320.0,0.0,0.0,3.0,0.5,0.0,0.5,90.50966799187809,0.0,0.0,4.242640687119285,0.7071067811865476,0.0,0.7071067811865476,1.0
744,320.0,0.0,0.0,2.0,0.0,0.0,0.0,90.50966799187809,0.0,0.0,2.8284271247461903,0.0,0.0,0.0,1.0
745,320.0,0.0,0.0,2.5,0.5,0.0,0.5,90.50966799187809,0.0,0.0,3.5355339059327378,0.7071067811865476,0.0,0.7071067811865476,1.0
746,320.0,0.0,0.0,1.5,0.0,0.0,0.0,90.50966799187809,0.0,0.0,2.1213203435596424,0.0,0.0,0.0,1.0
747,320.0,0.0,0.0,3.0,0.0,0.0,0.0,90.50966799187809,0.0,0.0,4.242640687119285,0.0,0.0,0.0,1.0
748,256.0,0.0,0.0,5.0,0.0,0.0,0.0,,,,,,,,1.0
749,320.0,0.0,0.0,3.0,0.0,0.0,0.0,90.50966799187809,0.0,0.0,4.242640687119285,0.0,0.0,0.0,1.0
750,341.3333333333333,0.0,0.0,1.6666666666666667,0.0,0.0,0.0,73.90083445627211,0.0,0.0,2.8867513459481287,0.0,0.0,0.0,1.0
751,320.0,0.0,0.0,2.5,0.0,0.0,0.0,90.50966799187809,0.0,0.0,3.5355339059327378,0.0,0.0,0.0,1.0
752,320.0,0.0,0.0,2.5,0.0,0.0,0.0,90.50966799187809,0.0,0.0,3.5355339059327378,0.0,0.0,0.0,1.0
753,320.0,0.0,0.0,3.0,0.0,0.0,0.0,90.50966799187809,0.0,0.0,4.242640687119285,0.0,0.0,0.0,1.0
754,320.0,0.0,0.0,2.5,0.0,0.0,0.0,90.50966799187809,0.0,0.0,3.5355339059327378,0.0,0.0,0.0,1.0
755,320.0,0.0,0.0,3.5,0.0,0.0,0.0,90.50966799187809,0.0,0.0,4.949747468305833,0.0,0.0,0.0,1.0
756,320.0,0.0,0.0,2.5,0.0,0.0,0.0,90.50966799187809,0.0,0.0,3.5355339059327378,0.0,0.0,0.0,1.0
757,256.0,0.0,0.0,5.0,0.0,0.0,0.0,,,,,,,,1.0
758,320.0,0.0,0.0,3.0,0.0,0.0,0.0,90.50966799187809,0.0,0.0,4.242640687119285,0.0,0.0,0.0,1.0
759,320.0,0.0,0.0,2.0,0.0,0.0,0.0,90.50966799187809,0.0,0.0,2.8284271247461903,0.0,0.0,0.0,1.0
760,320.0,0.0,0.0,3.0,0.5,0.0,0.5,90.50966799187809,0.0,0.0,2.8284271247461903,0.7071067811865476,0.0,0.7071067811865476,1.0
761,320.0,0.0,0.0,2.5,0.0,0.0,0.0,90.50966799187809,0.0,0.0,3.5355339059327378,0.0,0.0,0.0,1.0
762,320.0,0.0,0.0,3.0,0.0,0.0,0.0,90.50966799187809,0.0,0.0,4.242640687119285,0.0,0.0,0.0,1.0
763,320.0,0.0,0.0,3.5,0.5,0.0,0.5,90.50966799187809,0.0,0.0,4.949747468305833,0.7071067811865476,0.0,0.7071067811865476,1.0
764,341.3333333333333,0.0,0.0,2.3333333333333335,0.0,0.0,0.0,73.90083445627211,0.0,0.0,4.041451884327381,0.0,0.0,0.0,1.0
765,256.0,0.0,0.0,5.0,0.0,0.0,0.0,,,,,,,,1.0
766,320.0,0.0,0.0,2.0,0.0,0.0,0.0,90.50966799187809,0.0,0.0,2.8284271247461903,0.0,0.0,0.0,1.0
767,320.0,0.0,0.0,3.0,0.0,0.0,0.0,90.50966799187809,0.0,0.0,4.242640687119285,0.0,0.0,0.0,1.0
768,320.0,0.0,0.0,2.5,0.0,0.0,0.5,90.50966799187809,0.0,0.0,3.5355339059327378,0.0,0.0,0.7071067811865476,1.0
769,320.0,0.0,0.0,3.5,0.0,0.5,0.5,90.50966799187809,0.0,0.0,4.949747468305833,0.0,0.7071067811865476,0.7071067811865476,1.0
770,320.0,0.0,0.0,2.5,0.0,0.0,0.0,90.50966799187809,0.0,0.0,3.5355339059327378,0.0,0.0,0.0,1.0
771,320.0,0.0,0.0,3.0,0.0,0.0,0.0,90.50966799187809,0.0,0.0,4.242640687119285,0.0,0.0,0.0,1.0
772,320.0,0.0,0.0,2.5,0.0,0.0,0.0,90.50966799187809,0.0,0.0,3.5355339059327378,0.0,0.0,0.0,1.0
773,320.0,0.0,0.0,2.5,0.0,0.0,0.0,90.50966799187809,0.0,0.0,3.5355339059327378,0.0,0.0,0.0,1.0
774,320.0,0.0,0.0,3.5,0.0,0.0,0.0,90.50966799187809,0.0,0.0,4.949747468305833,0.0,0.0,0.0,1.0
775,320.0,0.0,0.0,3.0,0.0,0.0,0.0,90.50966799187809,0.0,0.0,4.242640687119285,0.0,0.0,0.0,1.0
776,320.0,0.0,0.0,2.5,0.0,0.0,0.0,90.50966799187809,0.0,0.0,3.5355339059327378,0.0,0.0,0.0,1.0
777,320.0,0.0,0.0,2.5,0.0,0.0,0.0,90.50966799187809,0.0,0.0,3.5355339059327378,0.0,0.0,0.0,1.0
778,320.0,0.0,0.0,3.5,0.0,0.0,0.0,90.50966799187809,0.0,0.0,4.949747468305833,0.0,0.0,0.0,1.0
779,320.0,0.0,0.0,2.5,0.5,0.0,0.5,90.50966799187809,0.0,0.0,3.5355339059327378,0.7071067811865476,0.0,0.7071067811865476,1.0
780,320.0,0.0,0.0,2.5,0.0,0.0,0.0,90.50966799187809,0.0,0.0,3.5355339059327378,0.0,0.0,0.0,1.0
781,320.0,0.0,0.0,2.5,0.0,0.0,0.0,90.50966799187809,0.0,0.0,3.5355339059327378,0.0,0.0,0.0,1.0
782,320.0,0.0,0.0,3.0,0.0,0.0,0.0,90.50966799187809,0.0,0.0,4.242640687119285,0.0,0.0,0.0,1.0
783,320.0,0.0,0.0,2.5,0.0,0.0,0.0,90.50966799187809,0.0,0.0,3.5355339059327378,0.0,0.0,0.0,1.0
784,320.0,0.0,0.0,4.0,0.5,0.0,0.5,90.50966799187809,0.0,0.0,4.242640687119285,0.7071067811865476,0.0,0.7071067811865476,1.0
785,320.0,0.0,0.0,2.5,0.0,0.0,0.0,90.50966799187809,0.0,0.0,3.5355339059327378,0.0,0.0,0.0,1.0
786,320.0,0.0,0.0,3.5,0.0,0.0,0.0,90.50966799187809,0.0,0.0,4.949747468305833,0.0,0.0,0.0,1.0
787,320.0,0.0,0.0,3.0,0.0,0.0,0.0,90.50966799187809,0.0,0.0,4.242640687119285,0.0,0.0,0.0,1.0
788,320.0,0.0,0.0,2.0,0.0,0.0,0.0,90.50966799187809,0.0,0.0,2.8284271247461903,0.0,0.0,0.0,1.0
789,320.0,0.0,0.0,3.0,0.0,0.0,0.0,90.50966799187809,0.0,0.0,4.242640687119285,0.0,0.0,0.0,1.0
790,320.0,0.0,0.0,2.5,0.0,0.0,0.0,90.50966799187809,0.0,0.0,3.5355339059327378,0.0,0.0,0.0,1.0
791,320.0,0.0,0.0,2.5,0.0,0.0,0.0,90.50966799187809,0.0,0.0,3.5355339059327378,0.0,0.0,0.0,1.0
792,320.0,0.0,0.0,2.5,0.0,0.0,0.0,90.50966799187809,0.0,0.0,3.5355339059327378,0.0,0.0,0.0,1.0
793,320.0,0.0,0.0,3.5,0.0,0.0,0.0,90.50966799187809,0.0,0.0,4.949747468305833,0.0,0.0,0.0,1.0
794,320.0,0.0,0.0,2.5,0.0,0.0,0.0,90.50966799187809,0.0,0.0,3.5355339059327378,0.0,0.0,0.0,1.0
795,320.0,0.0,0.0,2.5,0.0,0.0,0.0,90.50966799187809,0.0,0.0,3.5355339059327378,0.0,0.0,0.0,1.0
796,320.0,0.0,0.0,2.5,0.0,0.0,0.0,90.50966799187809,0.0,0.0,3.5355339059327378,0.0,0.0,0.0,1.0
797,320.0,0.0,0.0,2.5,0.5,0.0,1.0,90.50966799187809,0.0,0.0,3.5355339059327378,0.7071067811865476,0.0,0.0,1.0
798,320.0,0.0,0.0,2.5,0.0,0.5,0.5,90.50966799187809,0.0,0.0,3.5355339059327378,0.0,0.7071067811865476,0.7071067811865476,1.0
799,320.0,0.0,0.0,2.0,0.0,0.0,0.0,90.50966799187809,0.0,0.0,2.8284271247461903,0.0,0.0,0.0,1.0
800,320.0,0.0,0.0,3.0,0.5,0.0,0.5,90.50966799187809,0.0,0.0,2.8284271247461903,0.7071067811865476,0.0,0.7071067811865476,1.0
801,320.0,0.0,0.0,2.5,0.0,0.0,0.0,90.50966799187809,0.0,0.0,3.5355339059327378,0.0,0.0,0.0,1.0
802,320.0,0.0,0.0,2.5,0.0,0.0,0.0,90.50966799187809,0.0,0.0,3.5355339059327378,0.0,0.0,0.0,1.0
803,320.0,0.0,0.0,3.0,0.0,0.0,0.0,90.50966799187809,0.0,0.0,4.242640687119285,0.0,0.0,0.0,1.0
804,320.0,0.0,0.0,3.5,0.0,0.0,0.0,90.50966799187809,0.0,0.0,4.949747468305833,0.0,0.0,0.0,1.0
805,320.0,0.0,0.0,2.5,0.0,0.0,0.0,90.50966799187809,0.0,0.0,3.5355339059327378,0.0,0.0,0.0,1.0
806,320.0,0.0,0.0,3.0,0.0,0.0,0.0,90.50966799187809,0.0,0.0,4.242640687119285,0.0,0.0,0.0,1.0
807,320.0,0.0,0.0,3.0,0.0,0.0,0.0,90.50966799187809,0.0,0.0,4.242640687119285,0.0,0.0,0.0,1.0
808,320.0,0.0,0.0,3.0,0.0,0.0,0.0,90.50966799187809,0.0,0.0,4.242640687119285,0.0,0.0,0.0,1.0
809,320.0,0.0,0.0,2.5,0.0,0.0,0.0,90.50966799187809,0.0,0.0,3.5355339059327378,0.0,0.0,0.0,1.0
810,320.0,0.0,0.0,2.0,0.0,0.0,0.0,90.50966799187809,0.0,0.0,2.8284271247461903,0.0,0.0,0.0,1.0
811,320.0,0.0,0.0,3.0,0.0,0.0,0.0,90.50966799187809,0.0,0.0,4.242640687119285,0.0,0.0,0.0,1.0
812,320.0,0.0,0.0,3.0,0.0,0.0,0.0,90.50966799187809,0.0,0.0,4.242640687119285,0.0,0.0,0.0,1.0
813,320.0,0.0,0.0,3.5,0.0,0.0,0.0,90.50966799187809,0.0,0.0,4.949747468305833,0.0,0.0,0.0,1.0
814,320.0,0.0,0.0,3.0,0.0,0.0,0.0,90.50966799187809,0.0,0.0,4.242640687119285,0.0,0.0,0.0,1.0
815,320.0,0.0,0.0,2.5,0.0,0.0,0.0,90.50966799187809,0.0,0.0,3.5355339059327378,0.0,0.0,0.0,1.0
816,320.0,0.0,0.0,2.5,0.0,0.0,0.0,90.50966799187809,0.0,0.0,3.5355339059327378,0.0,0.0,0.0,1.0
817,320.0,0.0,0.0,2.0,0.0,0.0,0.0,90.50966799187809,0.0,0.0,2.8284271247461903,0.0,0.0,0.0,1.0
818,320.0,0.0,0.0,3.5,1.0,0.0,1.0,90.50966799187809,0.0,0.0,3.5355339059327378,0.0,0.0,0.0,1.0
819,320.0,0.0,0.0,3.0,0.0,0.0,0.0,90.50966799187809,0.0,0.0,4.242640687119285,0.0,0.0,0.0,1.0
820,320.0,0.0,0.0,2.5,0.0,0.0,0.0,90.50966799187809,0.0,0.0,3.5355339059327378,0.0,0.0,0.0,1.0
821,320.0,0.0,0.0,2.5,0.0,0.0,0.0,90.50966799187809,0.0,0.0,3.5355339059327378,0.0,0.0,0.0,1.0
822,320.0,0.0,0.0,2.5,0.0,0.0,0.0,90.50966799187809,0.0,0.0,3.5355339059327378,0.0,0.0,0.0,1.0
823,320.0,0.0,0.0,2.5,0.0,0.0,0.0,90.50966799187809,0.0,0.0,3.5355339059327378,0.0,0.0,0.0,1.0
824,320.0,0.0,0.0,3.0,0.0,0.0,0.0,90.50966799187809,0.0,0.0,4.242640687119285,0.0,0.0,0.0,1.0
825,320.0,0.0,0.0,3.0,0.0,0.0,0.0,90.50966799187809,0.0,0.0,4.242640687119285,0.0,0.0,0.0,1.0
826,320.0,0.0,0.0,2.0,0.0,0.5,1.0,90.50966799187809,0.0,0.0,2.8284271247461903,0.0,0.7071067811865476,0.0,1.0
827,320.0,0.0,0.0,2.0,0.0,0.0,0.0,90.50966799187809,0.0,0.0,2.8284271247461903,0.0,0.0,0.0,1.0
828,320.0,0.0,0.0,3.5,0.0,0.0,0.0,90.50966799187809,0.0,0.0,4.949747468305833,0.0,0.0,0.0,1.0
829,320.0,0.0,0.0,2.0,0.0,0.0,0.0,90.50966799187809,0.0,0.0,2.8284271247461903,0.0,0.0,0.0,1.0
830,320.0,0.0,0.0,3.0,0.0,0.0,0.0,90.50966799187809,0.0,0.0,4.242640687119285,0.0,0.0,0.0,1.0
831,320.0,0.0,0.0,3.0,0.5,0.0,0.5,90.50966799187809,0.0,0.0,4.242640687119285,0.7071067811865476,0.0,0.7071067811865476,1.0
832,320.0,0.0,0.0,2.5,0.0,0.0,0.0,90.50966799187809,0.0,0.0,3.5355339059327378,0.0,0.0,0.0,1.0
833,320.0,0.0,0.0,3.5,0.5,0.0,0.5,90.50966799187809,0.0,0.0,3.5355339059327378,0.7071067811865476,0.0,0.7071067811865476,1.0
834,320.0,0.0,0.0,2.5,0.0,0.0,0.0,90.50966799187809,0.0,0.0,3.5355339059327378,0.0,0.0,0.0,1.0
835,320.0,0.0,0.0,2.5,0.0,0.0,0.0,90.50966799187809,0.0,0.0,3.5355339059327378,0.0,0.0,0.0,1.0
836,320.0,0.0,0.0,3.0,0.0,0.0,0.0,90.50966799187809,0.0,0.0,4.242640687119285,0.0,0.0,0.0,1.0
837,320.0,0.0,0.0,1.0,0.0,0.0,0.0,90.50966799187809,0.0,0.0,1.4142135623730951,0.0,0.0,0.0,1.0
838,320.0,0.0,0.0,2.5,0.0,0.0,0.0,90.50966799187809,0.0,0.0,3.5355339059327378,0.0,0.0,0.0,1.0
839,320.0,0.0,0.0,3.0,0.0,0.0,0.0,90.50966799187809,0.0,0.0,4.242640687119285,0.0,0.0,0.0,1.0
840,320.0,0.0,0.0,3.0,0.0,0.0,0.0,90.50966799187809,0.0,0.0,4.242640687119285,0.0,0.0,0.0,1.0
841,320.0,0.0,0.0,2.5,0.0,0.0,0.0,90.50966799187809,0.0,0.0,3.5355339059327378,0.0,0.0,0.0,1.0
842,341.3333333333333,0.0,0.0,1.3333333333333333,0.0,0.0,0.0,73.90083445627211,0.0,0.0,2.3094010767585034,0.0,0.0,0.0,1.0
843,256.0,0.0,0.0,2.0,0.0,0.0,0.0,,,,,,,,1.0
844,320.0,0.0,0.0,2.5,0.0,0.0,0.0,90.50966799187809,0.0,0.0,3.5355339059327378,0.0,0.0,0.0,1.0
845,341.3333333333333,0.0,0.0,1.3333333333333333,0.0,0.0,0.0,73.90083445627211,0.0,0.0,2.3094010767585034,0.0,0.0,0.0,1.0
846,320.0,0.0,0.0,3.0,0.5,0.0,0.5,90.50966799187809,0.0,0.0,4.242640687119285,0.7071067811865476,0.0,0.7071067811865476,1.0
847,320.0,0.0,0.0,4.0,0.0,0.0,0.0,90.50966799187809,0.0,0.0,5.656854249492381,0.0,0.0,0.0,1.0
848,320.0,0.0,0.0,2.0,0.0,0.0,0.0,90.50966799187809,0.0,0.0,2.8284271247461903,0.0,0.0,0.0,1.0
849,320.0,0.0,0.0,2.5,0.0,0.0,0.0,90.50966799187809,0.0,0.0,3.5355339059327378,0.0,0.0,0.0,1.0
850,320.0,0.0,0.0,3.0,0.0,0.0,0.0,90.50966799187809,0.0,0.0,4.242640687119285,0.0,0.0,0.0,1.0
851,320.0,0.0,0.0,2.5,0.0,0.0,0.0,90.50966799187809,0.0,0.0,3.5355339059327378,0.0,0.0,0.0,1.0
852,327.6666666666667,499.3333333333333,268.3333333333333,917.0,229.0,140.0,522.6666666666666,65.36308846232203,864.8707032460594,464.76696669764874,1583.09728064955,396.6396349332729,242.4871130596428,905.2852220893333,1.0
853,320.0,0.0,0.0,3.0,0.0,0.0,0.0,90.50966799187809,0.0,0.0,2.8284271247461903,0.0,0.0,0.0,1.0
854,320.0,0.0,0.0,3.0,0.5,0.0,1.5,90.50966799187809,0.0,0.0,4.242640687119285,0.7071067811865476,0.0,0.7071067811865476,1.0
855,320.0,0.0,0.0,3.0,0.0,0.5,0.0,90.50966799187809,0.0,0.0,4.242640687119285,0.0,0.7071067811865476,0.0,1.0
856,320.0,0.0,0.0,2.0,0.0,0.0,0.0,90.50966799187809,0.0,0.0,2.8284271247461903,0.0,0.0,0.0,1.0
857,320.0,0.0,0.0,3.0,0.0,0.0,0.0,90.50966799187809,0.0,0.0,4.242640687119285,0.0,0.0,0.0,1.0
858,320.0,0.0,0.0,2.5,0.0,0.0,0.0,90.50966799187809,0.0,0.0,3.5355339059327378,0.0,0.0,0.0,1.0
859,320.0,0.0,0.0,3.0,0.0,0.0,0.0,90.50966799187809,0.0,0.0,4.242640687119285,0.0,0.0,0.0,1.0
860,256.0,0.0,0.0,6.0,0.0,0.0,0.0,,,,,,,,1.0
861,320.0,0.0,0.0,3.0,0.0,0.0,0.0,90.50966799187809,0.0,0.0,4.242640687119285,0.0,0.0,0.0,1.0
862,320.0,0.0,0.0,3.0,0.0,0.0,0.0,90.50966799187809,0.0,0.0,4.242640687119285,0.0,0.0,0.0,1.0
863,320.0,0.0,0.0,2.0,0.0,0.0,0.0,90.50966799187809,0.0,0.0,2.8284271247461903,0.0,0.0,0.0,1.0
864,320.0,0.0,0.0,3.0,0.0,0.0,0.0,90.50966799187809,0.0,0.0,4.242640687119285,0.0,0.0,0.0,1.0
865,320.0,0.0,0.0,2.0,0.0,0.0,0.0,90.50966799187809,0.0,0.0,2.8284271247461903,0.0,0.0,0.0,1.0
866,320.0,0.0,0.0,3.5,0.5,0.0,0.5,90.50966799187809,0.0,0.0,3.5355339059327378,0.7071067811865476,0.0,0.7071067811865476,1.0
867,320.0,0.0,0.0,3.5,0.5,0.0,0.5,90.50966799187809,0.0,0.0,4.949747468305833,0.7071067811865476,0.0,0.7071067811865476,1.0
868,320.0,0.0,0.0,2.0,0.0,0.0,0.0,90.50966799187809,0.0,0.0,2.8284271247461903,0.0,0.0,0.0,1.0
869,320.0,0.0,0.0,3.0,0.0,0.0,0.0,90.50966799187809,0.0,0.0,4.242640687119285,0.0,0.0,0.0,1.0
870,320.0,0.0,0.0,3.5,0.0,0.0,0.0,90.50966799187809,0.0,0.0,4.949747468305833,0.0,0.0,0.0,1.0
871,320.0,0.0,0.0,3.0,0.0,0.0,0.0,90.50966799187809,0.0,0.0,4.242640687119285,0.0,0.0,0.0,1.0
872,320.0,0.0,0.0,3.5,0.0,0.0,0.0,90.50966799187809,0.0,0.0,4.949747468305833,0.0,0.0,0.0,1.0
873,320.0,0.0,0.0,2.5,0.0,0.0,0.0,90.50966799187809,0.0,0.0,3.5355339059327378,0.0,0.0,0.0,1.0
874,320.0,0.0,0.0,2.0,0.0,0.0,0.0,90.50966799187809,0.0,0.0,2.8284271247461903,0.0,0.0,0.0,1.0
875,320.0,0.0,0.0,1.5,0.0,0.0,0.0,90.50966799187809,0.0,0.0,2.1213203435596424,0.0,0.0,0.0,1.0
876,320.0,0.0,0.0,2.5,0.0,0.0,0.0,90.50966799187809,0.0,0.0,3.5355339059327378,0.0,0.0,0.0,1.0
877,320.0,0.0,0.0,2.0,0.0,0.0,0.0,90.50966799187809,0.0,0.0,2.8284271247461903,0.0,0.0,0.0,1.0
878,320.0,0.0,0.0,3.0,0.0,0.0,0.0,90.50966799187809,0.0,0.0,4.242640687119285,0.0,0.0,0.0,1.0
879,320.0,0.0,0.0,3.0,0.0,0.0,0.0,90.50966799187809,0.0,0.0,4.242640687119285,0.0,0.0,0.0,1.0
880,320.0,0.0,0.0,2.0,0.0,0.0,0.0,90.50966799187809,0.0,0.0,2.8284271247461903,0.0,0.0,0.0,1.0
881,320.0,0.0,0.0,2.5,0.0,0.0,0.0,90.50966799187809,0.0,0.0,3.5355339059327378,0.0,0.0,0.0,1.0
882,320.0,0.0,0.0,3.5,0.0,0.0,0.5,90.50966799187809,0.0,0.0,4.949747468305833,0.0,0.0,0.7071067811865476,1.0
883,320.0,0.0,0.0,2.5,0.0,0.5,0.5,90.50966799187809,0.0,0.0,3.5355339059327378,0.0,0.7071067811865476,0.7071067811865476,1.0
884,320.0,0.0,0.0,2.5,0.5,0.0,0.5,90.50966799187809,0.0,0.0,3.5355339059327378,0.7071067811865476,0.0,0.7071067811865476,1.0
885,320.0,0.0,0.0,2.5,0.0,0.0,0.0,90.50966799187809,0.0,0.0,3.5355339059327378,0.0,0.0,0.0,1.0
886,341.3333333333333,0.0,0.0,1.6666666666666667,0.0,0.0,0.0,73.90083445627211,0.0,0.0,2.8867513459481287,0.0,0.0,0.0,1.0
887,320.0,0.0,0.0,3.0,0.0,0.0,0.0,90.50966799187809,0.0,0.0,4.242640687119285,0.0,0.0,0.0,1.0
888,256.0,0.0,0.0,5.0,1.0,0.0,1.0,,,,,,,,1.0
889,320.0,0.0,0.0,2.5,0.0,0.0,0.0,90.50966799187809,0.0,0.0,2.1213203435596424,0.0,0.0,0.0,1.0
890,320.0,0.0,0.0,2.5,0.0,0.0,0.0,90.50966799187809,0.0,0.0,3.5355339059327378,0.0,0.0,0.0,1.0
891,341.3333333333333,0.0,0.0,1.3333333333333333,0.0,0.0,0.0,73.90083445627211,0.0,0.0,2.3094010767585034,0.0,0.0,0.0,1.0
892,320.0,0.0,0.0,2.5,0.0,0.0,0.0,90.50966799187809,0.0,0.0,3.5355339059327378,0.0,0.0,0.0,1.0
893,320.0,0.0,0.0,1.5,0.0,0.0,0.0,90.50966799187809,0.0,0.0,2.1213203435596424,0.0,0.0,0.0,1.0
894,320.0,0.0,0.0,3.5,0.0,0.0,0.0,90.50966799187809,0.0,0.0,4.949747468305833,0.0,0.0,0.0,1.0
895,320.0,0.0,0.0,2.5,0.0,0.0,0.0,90.50966799187809,0.0,0.0,3.5355339059327378,0.0,0.0,0.0,1.0
896,320.0,0.0,0.0,2.5,0.0,0.0,0.0,90.50966799187809,0.0,0.0,3.5355339059327378,0.0,0.0,0.0,1.0
897,320.0,0.0,0.0,2.5,0.0,0.0,0.0,90.50966799187809,0.0,0.0,3.5355339059327378,0.0,0.0,0.0,1.0
898,320.0,0.0,0.0,2.0,0.0,0.0,0.0,90.50966799187809,0.0,0.0,2.8284271247461903,0.0,0.0,0.0,1.0
899,320.0,0.0,0.0,3.0,0.0,0.0,0.0,90.50966799187809,0.0,0.0,2.8284271247461903,0.0,0.0,0.0,1.0
